PommesTraitesKg,TempsPressageHeure,PressionMaxPressagePsi,EtatFermenteur,ProductionLitre,RendementLitrePerKg,CoutDollarPerLitre,Couleur,Intensite,Annees,PoidsNominalTonne,PctMcIntosh,PctSpartan,PctEmpire,PctCortland,Fournisseur_A,Fournisseur_B,Fournisseur_C,Fournisseur_D,Fournisseur_E,Fournisseur_F,Fournisseur_G,Fournisseur_H,Produit_Cidre de glace,Produit_Cidre p√©tillant,Produit_Cidre tranquille
99995,3.9,2000.5,1,59969.0,0.6,4.04,0,4,2012,100,93.8,6.2,0.0,0.0,1,0,0,0,0,0,0,0,0,0,1
99949,3.9,2000.1,1,28593.0,0.286,12.32,0,4,2012,100,83.9,16.1,0.0,0.0,1,0,0,0,0,0,0,0,0,1,0
100043,4.0,1998.6,1,29433.0,0.294,11.93,1,4,2012,100,89.7,10.3,0.0,0.0,1,0,0,0,0,0,0,0,0,1,0
99884,3.8,1995.9,1,12198.0,0.205,26.86,0,4,2012,100,91.5,8.5,0.0,0.0,1,0,0,0,0,0,0,0,1,0,0
100013,4.1,1996.4,1,11620.0,0.116,27.39,0,4,2012,100,83.6,16.4,0.0,0.0,1,0,0,0,0,0,0,0,1,0,0
99930,4.05,1996.8,1,58130.0,0.582,5.86,1,4,2013,100,84.2,15.8,0.0,0.0,1,0,0,0,0,0,0,0,0,0,1
99969,4.0,2000.8,1,30525.0,0.305,10.19,1,4,2013,100,85.1,14.9,0.0,0.0,1,0,0,0,0,0,0,0,0,1,0
100058,3.9,1998.8,1,29455.0,0.294,13.12,1,4,2013,100,95.4,4.6,0.0,0.0,1,0,0,0,0,0,0,0,0,1,0
99980,3.8,1999.1,1,11357.0,0.114,29.36,1,4,2013,100,89.6,10.4,0.0,0.0,1,0,0,0,0,0,0,0,1,0,0
99917,4.1,2001.8,1,8998.0,0.09,39.56,0,4,2013,100,90.3,9.7,0.0,0.0,1,0,0,0,0,0,0,0,1,0,0
100007,4.1,2000.5,1,8371.0,0.084,32.69,0,4,2013,100,95.9,4.1,0.0,0.0,1,0,0,0,0,0,0,0,1,0,0
100042,3.8,2000.4,1,57909.0,0.579,6.21,0,4,2014,100,93.4,6.6,0.0,0.0,1,0,0,0,0,0,0,0,0,0,1
100048,4.1,2001.3,1,26585.0,0.266,12.15,1,3,2014,100,94.4,5.6,0.0,0.0,1,0,0,0,0,0,0,0,0,1,0
99954,4.0,1998.8,1,27842.0,0.279,11.53,0,3,2014,100,89.3,10.7,0.0,0.0,1,0,0,0,0,0,0,0,0,1,0
100024,4.0,1999.6,1,11952.0,0.119,33.58,0,4,2014,100,90.4,9.6,0.0,0.0,1,0,0,0,0,0,0,0,1,0,0
100159,3.9,1999.1,1,10891.0,0.109,28.47,0,4,2014,100,93.7,6.3,0.0,0.0,1,0,0,0,0,0,0,0,1,0,0
99968,4.1,1998.5,1,11483.0,0.115,32.19,0,4,2014,100,89.4,10.6,0.0,0.0,1,0,0,0,0,0,0,0,1,0,0
99999,3.8,1998.7,1,57565.0,0.576,8.13,1,3,2015,100,89.4,10.6,0.0,0.0,1,0,0,0,0,0,0,0,0,0,1
100066,4.0,1999.9,1,30042.0,0.3,9.43,0,3,2015,100,93.5,6.5,0.0,0.0,1,0,0,0,0,0,0,0,0,1,0
100011,3.9,1999.0,1,27484.0,0.275,6.78,0,4,2015,100,83.4,16.6,0.0,0.0,1,0,0,0,0,0,0,0,0,1,0
100027,3.9,2001.7,1,14065.0,0.141,24.14,0,4,2015,100,93.8,6.2,0.0,0.0,1,0,0,0,0,0,0,0,1,0,0
99989,4.1,1996.8,1,10480.0,0.105,33.81,0,4,2015,100,95.7,4.3,0.0,0.0,1,0,0,0,0,0,0,0,1,0,0
100102,3.9,1999.9,1,12723.0,0.127,22.24,0,3,2015,100,87.3,12.7,0.0,0.0,1,0,0,0,0,0,0,0,1,0,0
100002,4.0,2000.1,1,57254.0,0.573,5.86,0,4,2016,100,90.4,9.6,0.0,0.0,1,0,0,0,0,0,0,0,0,0,1
99941,4.0,1999.0,1,25866.0,0.259,10.02,0,3,2016,100,86.9,13.1,0.0,0.0,1,0,0,0,0,0,0,0,0,1,0
100008,4.0,2000.4,1,27434.0,0.274,8.39,0,4,2016,100,89.1,10.9,0.0,0.0,1,0,0,0,0,0,0,0,0,1,0
100042,4.1,2000.2,1,11606.0,0.116,33.93,0,4,2016,100,98.7,1.3,0.0,0.0,1,0,0,0,0,0,0,0,1,0,0
99906,3.9,1996.7,1,12019.0,0.12,31.35,0,4,2016,100,86.3,13.7,0.0,0.0,1,0,0,0,0,0,0,0,1,0,0
100040,3.9,1996.4,1,11012.0,0.11,22.97,0,4,2016,100,86.9,13.1,0.0,0.0,1,0,0,0,0,0,0,0,1,0,0
100142,4.0,1996.1,1,55883.0,0.558,5.95,0,4,2017,100,87.2,12.8,0.0,0.0,1,0,0,0,0,0,0,0,0,0,1
99905,4.1,1999.8,1,28899.0,0.289,11.87,0,4,2017,100,87.8,12.2,0.0,0.0,1,0,0,0,0,0,0,0,0,1,0
100061,4.1,2000.1,1,26676.0,0.267,9.25,0,3,2017,100,94.7,15.3,0.0,0.0,1,0,0,0,0,0,0,0,0,1,0
99812,4.0,1999.9,1,13293.0,0.133,33.05,0,4,2017,100,87.6,12.4,0.0,0.0,1,0,0,0,0,0,0,0,1,0,0
99984,4.1,1998.6,1,10457.0,0.105,26.6,0,4,2017,100,97.9,2.1,0.0,0.0,1,0,0,0,0,0,0,0,1,0,0
99973,4.0,2000.7,1,10491.0,0.105,31.8,1,4,2017,100,86.1,13.9,0.0,0.0,1,0,0,0,0,0,0,0,1,0,0
99778,4.1,1995.2,1,58212.0,0.583,5.32,1,3,2018,100,94.8,5.2,0.0,0.0,1,0,0,0,0,0,0,0,0,0,1
100133,4.4,1998.6,1,32061.0,0.32,12.04,0,4,2018,100,95.0,5.0,0.0,0.0,1,0,0,0,0,0,0,0,0,1,0
99983,4.0,2000.5,1,26579.0,0.266,7.13,0,4,2018,100,92.5,7.5,0.0,0.0,1,0,0,0,0,0,0,0,0,1,0
99938,4.1,1997.1,1,11726.0,0.117,31.36,0,3,2018,100,89.1,10.9,0.0,0.0,1,0,0,0,0,0,0,0,1,0,0
100235,4.0,2000.6,1,10074.0,0.101,30.44,0,4,2018,100,75.3,24.7,0.0,0.0,1,0,0,0,0,0,0,0,1,0,0
99960,3.9,2000.8,1,12042.0,0.12,34.52,0,4,2018,100,99.2,0.8,0.0,0.0,1,0,0,0,0,0,0,0,1,0,0
99938,3.9,2001.4,1,57416.0,0.575,4.95,0,4,2019,100,88.0,12.0,0.0,0.0,1,0,0,0,0,0,0,0,0,0,1
99816,4.0,1998.7,1,30032.0,0.301,11.25,0,4,2019,100,91.4,8.6,0.0,0.0,1,0,0,0,0,0,0,0,0,1,0
99988,3.9,2004.9,1,31859.0,0.319,11.06,0,4,2019,100,89.1,10.9,0.0,0.0,1,0,0,0,0,0,0,0,0,1,0
99960,4.0,1999.1,1,9986.0,0.1,28.68,0,4,2019,100,90.0,10.0,0.0,0.0,1,0,0,0,0,0,0,0,1,0,0
99898,4.2,1998.7,1,11637.0,0.116,26.06,0,4,2019,100,90.4,9.6,0.0,0.0,1,0,0,0,0,0,0,0,1,0,0
100053,3.9,1999.4,1,7871.0,0.079,23.62,0,4,2019,100,84.6,15.4,0.0,0.0,1,0,0,0,0,0,0,0,1,0,0
99916,4.1,1995.5,1,14245.0,0.143,33.14,0,3,2019,100,85.1,14.9,0.0,0.0,1,0,0,0,0,0,0,0,1,0,0
100097,4.0,1999.7,1,29565.0,0.295,11.81,1,4,2020,100,78.6,21.4,0.0,0.0,1,0,0,0,0,0,0,0,0,1,0
100059,3.95,1997.5,1,29657.0,0.296,9.91,0,4,2020,100,90.7,9.3,0.0,0.0,1,0,0,0,0,0,0,0,0,1,0
100076,3.9,1999.5,1,30020.0,0.3,12.4,0,4,2020,100,90.2,9.8,0.0,0.0,1,0,0,0,0,0,0,0,0,1,0
99987,4.0,2000.4,1,11412.0,0.114,31.47,0,4,2020,100,97.2,2.8,0.0,0.0,1,0,0,0,0,0,0,0,1,0,0
99904,4.1,2000.2,1,9336.0,0.093,33.13,0,4,2020,100,92.0,8.0,0.0,0.0,1,0,0,0,0,0,0,0,1,0,0
99935,4.0,2000.0,1,9536.0,0.095,26.58,0,4,2020,100,93.5,6.5,0.0,0.0,1,0,0,0,0,0,0,0,1,0,0
99865,3.9,1996.4,1,11014.0,0.11,31.39,0,4,2020,100,87.4,12.6,0.0,0.0,1,0,0,0,0,0,0,0,1,0,0
100108,4.0,1997.1,1,59802.0,0.597,5.55,0,4,2021,100,89.1,10.9,0.0,0.0,1,0,0,0,0,0,0,0,0,0,1
100034,3.9,2001.7,1,29301.0,0.293,9.17,1,4,2021,100,91.1,8.9,0.0,0.0,1,0,0,0,0,0,0,0,0,1,0
99886,4.0,1996.4,1,29575.0,0.296,7.98,0,3,2021,100,95.2,4.8,0.0,0.0,1,0,0,0,0,0,0,0,0,1,0
99848,3.9,1999.6,1,25999.0,0.26,8.46,0,3,2021,100,100.0,0.0,0.0,0.0,1,0,0,0,0,0,0,0,0,1,0
100022,3.9,2001.2,1,10082.0,0.101,29.89,0,4,2021,100,87.1,12.9,0.0,0.0,1,0,0,0,0,0,0,0,1,0,0
99929,3.9,1997.3,1,12474.0,0.125,26.7,0,4,2021,100,90.0,10.0,0.0,0.0,1,0,0,0,0,0,0,0,1,0,0
99910,4.0,1999.4,1,9238.0,0.092,31.77,1,4,2021,100,88.4,11.6,0.0,0.0,1,0,0,0,0,0,0,0,1,0,0
99882,4.1,2001.9,1,10709.0,0.107,30.57,1,4,2021,100,87.3,12.7,0.0,0.0,1,0,0,0,0,0,0,0,1,0,0
100052,3.9,2000.7,1,57686.0,0.577,6.05,0,4,2022,100,85.5,14.5,0.0,0.0,1,0,0,0,0,0,0,0,0,0,1
99951,3.9,2000.6,1,28083.0,0.281,9.01,0,3,2022,100,89.1,10.9,0.0,0.0,1,0,0,0,0,0,0,0,0,1,0
99917,4.1,1999.0,1,29797.0,0.298,10.69,0,3,2022,100,88.7,11.3,0.0,0.0,1,0,0,0,0,0,0,0,0,1,0
100153,3.9,2001.7,1,31705.0,0.317,9.14,0,3,2022,100,85.0,15.0,0.0,0.0,1,0,0,0,0,0,0,0,0,1,0
99993,4.0,1999.8,1,27044.0,0.27,13.62,0,4,2022,100,88.9,11.1,0.0,0.0,1,0,0,0,0,0,0,0,0,1,0
100034,4.0,1997.9,1,6935.0,0.069,27.74,0,4,2022,100,91.2,8.8,0.0,0.0,1,0,0,0,0,0,0,0,1,0,0
100015,3.9,1998.0,1,12189.0,0.122,38.41,0,4,2022,100,83.2,16.8,0.0,0.0,1,0,0,0,0,0,0,0,1,0,0
100011,4.0,2002.2,1,11692.0,0.117,30.04,0,4,2022,100,85.3,14.7,0.0,0.0,1,0,0,0,0,0,0,0,1,0,0
99992,4.1,2000.9,1,11273.0,0.113,25.98,0,4,2022,100,95.3,4.7,0.0,0.0,1,0,0,0,0,0,0,0,1,0,0
99837,4.1,1999.3,1,10920.0,0.109,32.03,0,3,2022,100,92.6,7.4,0.0,0.0,1,0,0,0,0,0,0,0,1,0,0
49961,4.2,2002.4,1,26054.0,0.521,6.92,4,2,2012,50,12.9,87.1,0.0,0.0,0,1,0,0,0,0,0,0,0,0,1
49941,4.0,2000.0,1,13388.0,0.268,7.91,4,3,2012,50,18.3,81.7,0.0,0.0,0,1,0,0,0,0,0,0,0,1,0
49978,4.0,2000.6,1,3905.0,0.078,35.3,4,3,2012,50,12.2,87.8,0.0,0.0,0,1,0,0,0,0,0,0,1,0,0
50013,4.0,1998.1,1,5887.0,0.118,28.27,4,2,2012,50,9.3,90.7,0.0,0.0,0,1,0,0,0,0,0,0,1,0,0
50120,4.1,2001.4,1,4902.0,0.098,26.05,4,2,2012,50,3.3,96.7,0.0,0.0,0,1,0,0,0,0,0,0,1,0,0
50168,3.9,1998.4,1,24276.0,0.484,5.58,4,1,2013,50,3.2,96.8,0.0,0.0,0,1,0,0,0,0,0,0,0,0,1
50042,4.0,2001.0,1,13666.0,0.273,10.42,4,2,2013,50,16.8,83.2,0.0,0.0,0,1,0,0,0,0,0,0,0,1,0
50064,4.0,2000.5,1,13041.0,0.26,5.83,3,3,2013,50,14.9,85.1,0.0,0.0,0,1,0,0,0,0,0,0,0,1,0
50066,3.9,1998.3,1,4820.0,0.096,27.63,3,2,2013,50,17.2,82.8,0.0,0.0,0,1,0,0,0,0,0,0,1,0,0
50016,3.9,2003.3,1,4707.0,0.094,31.61,4,3,2013,50,9.0,91.0,0.0,0.0,0,1,0,0,0,0,0,0,1,0,0
49830,3.9,2002.9,1,16025.0,0.058,34.63,4,2,2013,50,3.6,96.4,0.0,0.0,0,1,0,0,0,0,0,0,1,0,0
50093,3.8,1993.6,1,27343.0,0.546,5.58,4,2,2014,50,19.5,80.5,0.0,0.0,0,1,0,0,0,0,0,0,0,0,1
50064,4.1,2001.2,1,13230.0,0.264,12.3,4,2,2014,50,18.3,81.7,0.0,0.0,0,1,0,0,0,0,0,0,0,1,0
50048,4.0,2000.6,1,13078.0,0.261,9.89,4,1,2014,50,20.0,80.0,0.0,0.0,0,1,0,0,0,0,0,0,0,1,0
49989,4.1,2000.3,1,3824.0,0.076,24.4,4,2,2014,50,0.0,100.0,0.0,0.0,0,1,0,0,0,0,0,0,1,0,0
50075,4.0,1998.9,1,5307.0,0.106,29.87,4,3,2014,50,7.7,92.3,0.0,0.0,0,1,0,0,0,0,0,0,1,0,0
50039,4.0,1999.3,1,5668.0,0.113,30.29,4,2,2014,50,8.6,91.4,0.0,0.0,0,1,0,0,0,0,0,0,1,0,0
50169,3.9,1999.9,1,27965.0,0.557,6.95,4,3,2015,50,6.9,93.1,0.0,0.0,0,1,0,0,0,0,0,0,0,0,1
50043,3.8,2000.8,1,12794.0,0.256,11.74,4,1,2015,50,16.4,83.6,0.0,0.0,0,1,0,0,0,0,0,0,0,1,0
50255,3.9,2000.5,1,14637.0,0.291,9.34,3,2,2015,50,5.6,94.4,0.0,0.0,0,1,0,0,0,0,0,0,0,1,0
49835,3.8,2000.3,1,9105.5,0.103,29.12,4,2,2015,50,10.5,89.5,0.0,0.0,0,1,0,0,0,0,0,0,1,0,0
50061,4.0,2003.2,1,3574.0,0.071,38.41,4,2,2015,50,12.2,87.8,0.0,0.0,0,1,0,0,0,0,0,0,1,0,0
49908,4.1,1998.1,1,5105.0,0.102,32.68,4,2,2015,50,11.8,88.2,0.0,0.0,0,1,0,0,0,0,0,0,1,0,0
49854,3.9,2001.7,1,25500.0,0.511,5.74,3,3,2016,50,14.3,85.7,0.0,0.0,0,1,0,0,0,0,0,0,0,0,1
50057,4.2,1999.2,1,13422.0,0.268,11.4,4,2,2016,50,8.1,91.9,0.0,0.0,0,1,0,0,0,0,0,0,0,1,0
50049,3.9,1997.5,1,13046.0,0.261,7.15,4,3,2016,50,16.5,83.5,0.0,0.0,0,1,0,0,0,0,0,0,0,1,0
49822,4.0,1998.7,1,3791.0,0.076,31.95,4,3,2016,50,4.3,95.7,0.0,0.0,0,1,0,0,0,0,0,0,1,0,0
49942,4.0,2001.2,1,3946.0,0.079,28.87,3,2,2016,50,13.4,86.6,0.0,0.0,0,1,0,0,0,0,0,0,1,0,0
49985,4.1,2004.4,1,5651.0,0.113,37.74,4,2,2016,50,3.2,96.8,0.0,0.0,0,1,0,0,0,0,0,0,1,0,0
49816,4.0,1997.9,1,26154.0,0.525,5.23,4,1,2017,50,11.3,88.7,0.0,0.0,0,1,0,0,0,0,0,0,0,0,1
49932,4.1,2000.5,1,12837.0,0.257,8.28,4,2,2017,50,9.4,90.6,0.0,0.0,0,1,0,0,0,0,0,0,0,1,0
49953,3.9,1998.1,1,13175.0,0.264,8.55,4,2,2017,50,1.9,98.1,0.0,0.0,0,1,0,0,0,0,0,0,0,1,0
50046,4.0,2000.6,1,3751.0,0.075,24.75,3,3,2017,50,12.7,87.3,0.0,0.0,0,1,0,0,0,0,0,0,1,0,0
49950,4.0,2003.7,1,5097.0,0.102,29.34,4,2,2017,50,14.0,86.0,0.0,0.0,0,1,0,0,0,0,0,0,1,0,0
49968,4.0,2000.6,1,4680.0,0.094,28.84,4,2,2017,50,16.1,83.9,0.0,0.0,0,1,0,0,0,0,0,0,1,0,0
50067,4.0,1999.9,1,26114.0,0.522,3.88,4,2,2018,50,10.9,89.1,0.0,0.0,0,1,0,0,0,0,0,0,0,0,1
49890,4.0,1998.4,1,11900.0,0.239,10.23,4,3,2018,50,14.0,86.0,0.0,0.0,0,1,0,0,0,0,0,0,0,1,0
49927,3.8,2001.4,1,13553.0,0.271,12.16,4,3,2018,50,13.2,86.8,0.0,0.0,0,1,0,0,0,0,0,0,0,1,0
50203,4.1,2002.9,1,3955.0,0.079,34.84,4,3,2018,50,2.6,97.4,0.0,0.0,0,1,0,0,0,0,0,0,1,0,0
49827,3.9,2002.7,1,4083.0,0.082,25.66,4,3,2018,50,7.3,92.7,0.0,0.0,0,1,0,0,0,0,0,0,1,0,0
50097,4.0,1998.7,1,2896.0,0.058,29.22,4,2,2018,50,10.4,89.6,0.0,0.0,0,1,0,0,0,0,0,0,1,0,0
49874,4.0,2001.5,1,25845.0,0.518,7.3,4,1,2019,50,21.2,78.8,0.0,0.0,0,1,0,0,0,0,0,0,0,0,1
49879,3.9,2000.0,1,13219.0,0.265,10.92,4,2,2019,50,11.3,88.7,0.0,0.0,0,1,0,0,0,0,0,0,0,1,0
49891,3.7,1996.4,1,14639.0,0.293,12.42,4,2,2019,50,0.0,100.0,0.0,0.0,0,1,0,0,0,0,0,0,0,1,0
50065,4.0,2000.7,1,3165.0,0.063,32.09,4,2,2019,50,4.4,95.6,0.0,0.0,0,1,0,0,0,0,0,0,1,0,0
50040,3.9,2000.6,1,3656.0,0.073,36.8,4,1,2019,50,8.1,91.9,0.0,0.0,0,1,0,0,0,0,0,0,1,0,0
50062,4.0,1996.1,1,4665.0,0.093,28.73,4,2,2019,50,0.0,100.0,0.0,0.0,0,1,0,0,0,0,0,0,1,0,0
50001,3.9,1995.2,1,25829.0,0.517,5.88,4,3,2020,50,11.9,88.1,0.0,0.0,0,1,0,0,0,0,0,0,0,0,1
49947,4.1,1997.0,1,25073.0,0.502,3.38,4,2,2020,50,8.8,91.2,0.0,0.0,0,1,0,0,0,0,0,0,0,0,1
50148,3.9,1998.5,1,25292.0,0.504,7.67,4,2,2020,50,18.2,81.8,0.0,0.0,0,1,0,0,0,0,0,0,0,0,1
50047,3.9,1997.9,1,12306.0,0.246,11.22,4,2,2020,50,25.6,74.4,0.0,0.0,0,1,0,0,0,0,0,0,0,1,0
50048,4.1,2000.5,1,11925.0,0.238,10.97,4,1,2020,50,7.0,93.0,0.0,0.0,0,1,0,0,0,0,0,0,0,1,0
49939,4.1,2001.8,1,12361.0,0.248,9.93,3,2,2020,50,16.4,83.6,0.0,0.0,0,1,0,0,0,0,0,0,0,1,0
49969,4.0,2001.9,1,5211.0,0.104,32.03,4,2,2020,50,3.5,96.5,0.0,0.0,0,1,0,0,0,0,0,0,1,0,0
49996,3.8,1998.1,1,3198.0,0.064,30.14,4,2,2020,50,12.3,87.7,0.0,0.0,0,1,0,0,0,0,0,0,1,0,0
49841,4.0,2000.1,1,5514.0,0.111,27.3,4,3,2020,50,12.6,87.4,0.0,0.0,0,1,0,0,0,0,0,0,1,0,0
50138,4.1,2002.0,1,3877.0,0.077,35.6,4,2,2020,50,11.7,88.3,0.0,0.0,0,1,0,0,0,0,0,0,1,0,0
50110,3.9,1998.4,1,25934.0,0.518,5.51,3,2,2021,50,14.6,85.4,0.0,0.0,0,1,0,0,0,0,0,0,0,0,1
50004,3.9,2001.3,1,27796.0,0.556,7.74,4,2,2021,50,18.2,81.8,0.0,0.0,0,1,0,0,0,0,0,0,0,0,1
49964,4.1,2003.5,1,11973.0,0.24,13.02,3,2,2021,50,8.9,91.1,0.0,0.0,0,1,0,0,0,0,0,0,0,1,0
49915,4.1,2001.8,1,14178.0,0.284,9.17,4,2,2021,50,3.4,96.6,0.0,0.0,0,1,0,0,0,0,0,0,0,1,0
49978,3.9,2000.4,1,14083.0,0.282,10.1,4,2,2021,50,0.4,99.6,0.0,0.0,0,1,0,0,0,0,0,0,0,1,0
49936,4.1,1999.2,1,3869.0,0.077,23.01,4,1,2021,50,11.8,88.2,0.0,0.0,0,1,0,0,0,0,0,0,1,0,0
49795,4.0,1998.6,1,4282.0,0.086,34.18,4,2,2021,50,5.7,94.3,0.0,0.0,0,1,0,0,0,0,0,0,1,0,0
50124,4.1,2000.4,1,3466.0,0.069,32.8,4,2,2021,50,2.5,97.5,0.0,0.0,0,1,0,0,0,0,0,0,1,0,0
50021,4.1,2001.9,1,4829.0,0.097,29.8,4,2,2021,50,17.9,82.1,0.0,0.0,0,1,0,0,0,0,0,0,1,0,0
49976,4.1,2003.1,1,27478.0,0.55,18.11,4,2,2022,50,13.2,86.8,0.0,0.0,0,1,0,0,0,0,0,0,0,0,1
50167,3.9,1997.5,1,25965.0,0.518,6.42,4,2,2022,50,9.8,90.2,0.0,0.0,0,1,0,0,0,0,0,0,0,0,1
49980,3.9,1999.1,1,27012.0,0.54,3.76,4,1,2022,50,5.6,94.4,0.0,0.0,0,1,0,0,0,0,0,0,0,0,1
50124,3.7,1999.5,1,14126.0,0.282,7.3,4,2,2022,50,9.9,90.1,0.0,0.0,0,1,0,0,0,0,0,0,0,1,0
50001,3.9,1999.9,1,13814.0,0.276,8.26,4,3,2022,50,9.4,90.6,0.0,0.0,0,1,0,0,0,0,0,0,0,1,0
50127,4.1,1998.4,1,12211.0,0.244,13.2,4,2,2022,50,16.1,83.9,0.0,0.0,0,1,0,0,0,0,0,0,0,1,0
50175,4.2,1999.1,1,12013.0,0.239,7.85,4,2,2022,50,14.9,85.1,0.0,0.0,0,1,0,0,0,0,0,0,0,1,0
50011,4.0,1999.7,1,4151.0,0.083,26.92,4,1,2022,50,4.7,95.3,0.0,0.0,0,1,0,0,0,0,0,0,1,0,0
50149,4.1,2000.8,1,5036.0,0.1,32.23,4,1,2022,50,10.5,89.5,0.0,0.0,0,1,0,0,0,0,0,0,1,0,0
49977,4.1,2000.7,1,5442.0,0.109,27.27,4,0,2022,50,2.2,97.8,0.0,0.0,0,1,0,0,0,0,0,0,1,0,0
50187,4.0,1996.8,1,4481.0,0.089,24.06,4,2,2022,50,6.5,93.5,0.0,0.0,0,1,0,0,0,0,0,0,1,0,0
50014,3.9,1999.7,1,2495.0,0.05,30.91,4,2,2022,50,11.2,88.8,0.0,0.0,0,1,0,0,0,0,0,0,1,0,0
29955,4.2,2002.6,1,21339.0,0.712,8.64,4,4,2012,30,0.0,7.1,92.9,0.0,0,0,1,0,0,0,0,0,0,0,1
30074,4.1,2004.5,1,9891.0,0.329,7.87,3,4,2012,30,0.0,24.2,75.8,0.0,0,0,1,0,0,0,0,0,0,1,0
30025,3.8,2001.9,1,4080.0,0.136,27.34,4,4,2012,30,0.0,5.6,94.4,0.0,0,0,1,0,0,0,0,0,1,0,0
30057,4.0,2000.8,1,2995.0,0.1,27.3,4,4,2012,30,0.0,14.7,85.3,0.0,0,0,1,0,0,0,0,0,1,0,0
29910,3.9,2005.2,1,19691.0,0.658,4.59,4,4,2013,30,0.0,11.5,88.5,0.0,0,0,1,0,0,0,0,0,0,0,1
30026,4.1,2001.2,1,10626.0,0.354,10.92,4,3,2013,30,0.0,9.0,91.0,0.0,0,0,1,0,0,0,0,0,0,1,0
29907,4.0,1997.9,1,10324.0,0.345,11.39,4,4,2013,30,0.0,0.0,100.0,0.0,0,0,1,0,0,0,0,0,0,1,0
29984,4.2,2000.9,1,3575.0,0.119,24.31,4,4,2013,30,0.0,12.2,87.8,0.0,0,0,1,0,0,0,0,0,1,0,0
29922,3.8,1996.8,1,2385.0,0.08,34.35,4,3,2013,30,0.0,5.1,94.9,0.0,0,0,1,0,0,0,0,0,1,0,0
29903,4.1,1999.0,1,18983.0,0.635,6.08,4,3,2014,30,0.0,13.0,87.0,0.0,0,0,1,0,0,0,0,0,0,0,1
30059,4.1,2003.9,1,8617.0,0.287,8.5,4,3,2014,30,0.0,12.2,87.8,0.0,0,0,1,0,0,0,0,0,0,1,0
30132,4.0,1999.1,1,9563.0,0.317,9.98,3,4,2014,30,0.0,5.2,94.8,0.0,0,0,1,0,0,0,0,0,0,1,0
30036,4.0,1996.8,1,3466.0,0.115,26.46,4,4,2014,30,0.0,8.4,91.6,0.0,0,0,1,0,0,0,0,0,1,0,0
29884,3.9,1996.1,1,3116.0,0.104,23.25,4,4,2014,30,0.0,4.0,96.0,0.0,0,0,1,0,0,0,0,0,1,0,0
29899,3.9,2001.4,1,20077.0,0.671,5.46,4,4,2015,30,0.0,16.2,83.8,0.0,0,0,1,0,0,0,0,0,0,0,1
29949,3.8,1998.8,1,9741.0,0.325,8.3,4,4,2015,30,0.0,17.5,82.5,0.0,0,0,1,0,0,0,0,0,0,1,0
30109,4.1,1997.6,1,10892.0,0.362,9.22,4,3,2015,30,0.0,10.8,89.2,0.0,0,0,1,0,0,0,0,0,0,1,0
30039,4.2,2000.5,1,9318.0,0.31,14.76,4,4,2015,30,0.0,12.5,87.5,0.0,0,0,1,0,0,0,0,0,0,1,0
30052,4.1,2001.3,1,3507.0,0.117,35.44,4,4,2015,30,0.0,12.4,87.6,0.0,0,0,1,0,0,0,0,0,1,0,0
30064,4.0,1997.1,1,4012.0,0.133,30.74,4,3,2015,30,0.0,1.9,98.1,0.0,0,0,1,0,0,0,0,0,1,0,0
30099,3.8,1998.0,1,2148.0,0.071,33.84,4,4,2015,30,0.0,7.3,92.7,0.0,0,0,1,0,0,0,0,0,1,0,0
30071,3.9,2000.6,1,19670.0,0.654,6.29,4,4,2016,30,0.0,10.5,89.5,0.0,0,0,1,0,0,0,0,0,0,0,1
30030,4.0,1996.8,1,10590.0,0.353,6.53,4,4,2016,30,0.0,0.5,99.5,0.0,0,0,1,0,0,0,0,0,0,1,0
29929,3.9,2000.4,1,9240.0,0.309,7.82,4,3,2016,30,0.0,8.3,91.7,0.0,0,0,1,0,0,0,0,0,0,1,0
30048,3.9,1998.6,1,9431.0,0.314,13.5,4,4,2016,30,0.0,0.0,100.0,0.0,0,0,1,0,0,0,0,0,0,1,0
29916,4.0,1999.5,1,3581.0,0.12,27.1,4,4,2016,30,0.0,0.0,97.1,0.0,0,0,1,0,0,0,0,0,1,0,0
29874,4.1,2001.8,1,4467.0,0.15,29.29,4,4,2016,30,0.0,12.1,87.9,0.0,0,0,1,0,0,0,0,0,1,0,0
29906,3.9,1999.2,1,3746.0,0.125,25.9,4,4,2016,30,0.0,7.4,92.6,0.0,0,0,1,0,0,0,0,0,1,0,0
29995,4.0,1999.3,1,20306.0,0.677,4.91,4,4,2017,30,0.0,7.6,92.4,0.0,0,0,1,0,0,0,0,0,0,0,1
29959,3.9,2002.1,1,20678.0,0.69,5.63,3,4,2017,30,0.0,12.2,87.8,0.0,0,0,1,0,0,0,0,0,0,0,1
29823,4.1,1997.3,1,10906.0,0.366,14.33,4,4,2017,30,0.0,0.0,100.0,0.0,0,0,1,0,0,0,0,0,0,1,0
30197,4.1,1999.7,1,10908.0,0.361,10.5,3,4,2017,30,0.0,12.9,87.1,0.0,0,0,1,0,0,0,0,0,0,1,0
29938,4.0,2000.3,1,9832.0,0.328,12.33,4,4,2017,30,0.0,10.2,89.8,0.0,0,0,1,0,0,0,0,0,0,1,0
30136,3.9,1999.7,1,10576.0,0.351,6.25,4,4,2017,30,0.0,13.4,86.6,0.0,0,0,1,0,0,0,0,0,0,1,0
29944,4.1,2001.7,1,4453.0,0.149,31.55,4,4,2017,30,0.0,10.1,89.9,0.0,0,0,1,0,0,0,0,0,1,0,0
30098,3.9,1998.7,1,3170.0,0.105,22.79,4,4,2017,30,0.0,10.6,89.4,0.0,0,0,1,0,0,0,0,0,1,0,0
30146,4.1,1999.6,1,4417.0,0.147,27.78,4,4,2017,30,0.0,10.5,89.5,0.0,0,0,1,0,0,0,0,0,1,0,0
29880,3.9,2000.3,1,19806.0,0.663,5.45,3,4,2018,30,0.0,10.0,90.0,0.0,0,0,1,0,0,0,0,0,0,0,1
29969,4.1,1997.5,1,18677.0,0.623,6.39,4,4,2018,30,0.0,14.9,85.1,0.0,0,0,1,0,0,0,0,0,0,0,1
30153,4.1,1997.2,1,10649.0,0.353,9.39,4,4,2018,30,0.0,13.7,86.3,0.0,0,0,1,0,0,0,0,0,0,1,0
30038,3.8,1998.4,1,9144.0,0.304,8.85,3,4,2018,30,0.0,0.0,100.0,0.0,0,0,1,0,0,0,0,0,0,1,0
30018,4.0,2001.6,1,9778.0,0.326,13.73,3,4,2018,30,0.0,12.9,87.1,0.0,0,0,1,0,0,0,0,0,0,1,0
30179,4.0,1999.8,1,10538.0,0.349,13.27,3,4,2018,30,0.0,6.0,94.0,0.0,0,0,1,0,0,0,0,0,0,1,0
30001,4.0,2001.0,1,3729.0,0.124,27.11,4,4,2018,30,0.0,11.3,88.7,0.0,0,0,1,0,0,0,0,0,1,0,0
30016,4.1,2002.2,1,3139.0,0.105,31.68,4,4,2018,30,0.0,8.7,91.3,0.0,0,0,1,0,0,0,0,0,1,0,0
29975,4.0,2004.1,1,3977.0,0.133,25.42,3,3,2018,30,0.0,7.7,92.3,0.0,0,0,1,0,0,0,0,0,1,0,0
30030,3.9,2001.3,1,20687.0,0.689,8.49,3,4,2019,30,0.0,7.3,92.7,0.0,0,0,1,0,0,0,0,0,0,0,1
29937,3.8,2002.7,1,20425.0,0.682,6.99,4,4,2019,30,0.0,2.7,97.3,0.0,0,0,1,0,0,0,0,0,0,0,1
29964,4.1,1999.2,1,10159.0,0.339,11.88,4,4,2019,30,0.0,7.0,93.0,0.0,0,0,1,0,0,0,0,0,0,1,0
29979,4.0,2002.5,1,11043.0,0.368,8.91,4,4,2019,30,0.0,11.7,88.3,0.0,0,0,1,0,0,0,0,0,0,1,0
29967,3.8,2000.4,1,9556.0,0.319,13.07,4,4,2019,30,0.0,18.0,82.0,0.0,0,0,1,0,0,0,0,0,0,1,0
29789,3.9,1999.9,1,8461.0,0.284,7.24,3,4,2019,30,0.0,3.2,96.8,0.0,0,0,1,0,0,0,0,0,0,1,0
30016,4.1,1997.5,1,3535.0,0.118,27.11,3,4,2019,30,0.0,13.9,86.1,0.0,0,0,1,0,0,0,0,0,1,0,0
30146,3.8,1999.4,1,4513.0,0.15,34.33,3,4,2019,30,0.0,12.0,88.0,0.0,0,0,1,0,0,0,0,0,1,0,0
30068,4.0,2001.2,1,5000.0,0.166,27.42,4,4,2019,30,0.0,20.5,79.5,0.0,0,0,1,0,0,0,0,0,1,0,0
29979,3.9,1998.7,1,19606.0,0.654,5.77,4,4,2020,30,0.0,7.7,92.3,0.0,0,0,1,0,0,0,0,0,0,0,1
29971,3.9,2002.3,1,20351.0,0.679,6.33,4,4,2020,30,0.0,17.5,82.5,0.0,0,0,1,0,0,0,0,0,0,0,1
30070,4.0,2001.9,1,21194.0,0.705,6.25,4,4,2020,30,0.0,17.5,82.5,0.0,0,0,1,0,0,0,0,0,0,0,1
30055,3.9,1997.9,1,10221.0,0.34,10.93,4,4,2020,30,0.0,8.8,91.2,0.0,0,0,1,0,0,0,0,0,0,1,0
30103,3.9,2003.1,1,10011.0,0.333,7.34,4,4,2020,30,0.0,13.7,86.3,0.0,0,0,1,0,0,0,0,0,0,1,0
29980,4.0,1998.1,1,10010.0,0.334,10.79,3,4,2020,30,0.0,16.6,83.4,0.0,0,0,1,0,0,0,0,0,0,1,0
29816,4.1,1999.6,1,3684.0,0.124,29.51,4,4,2020,30,0.0,10.0,90.0,0.0,0,0,1,0,0,0,0,0,1,0,0
29952,4.0,2000.0,1,2920.0,0.097,30.9,4,4,2020,30,0.0,17.4,82.6,0.0,0,0,1,0,0,0,0,0,1,0,0
29870,4.1,2002.4,1,2703.0,0.09,31.49,4,4,2020,30,0.0,19.1,80.9,0.0,0,0,1,0,0,0,0,0,1,0,0
29979,3.9,2001.2,1,3725.0,0.124,28.47,4,4,2020,30,0.0,13.7,86.3,0.0,0,0,1,0,0,0,0,0,1,0,0
29897,4.0,1996.0,1,20246.0,0.677,6.33,4,4,2021,30,0.0,3.0,97.0,0.0,0,0,1,0,0,0,0,0,0,0,1
29874,3.9,2001.1,1,19136.0,0.641,5.98,4,4,2021,30,0.0,7.8,92.2,0.0,0,0,1,0,0,0,0,0,0,0,1
29878,4.1,1998.8,1,10788.0,0.361,8.3,4,3,2021,30,0.0,9.0,91.0,0.0,0,0,1,0,0,0,0,0,0,1,0
30019,4.0,1995.9,1,10317.0,0.344,14.42,3,4,2021,30,0.0,9.3,90.7,0.0,0,0,1,0,0,0,0,0,0,1,0
29938,4.1,1998.7,1,9854.0,0.329,8.23,4,3,2021,30,0.0,15.1,84.9,0.0,0,0,1,0,0,0,0,0,0,1,0
29992,4.2,1999.5,1,3741.0,0.125,29.06,3,3,2021,30,0.0,16.8,83.2,0.0,0,0,1,0,0,0,0,0,1,0,0
30169,4.1,2001.5,1,3156.0,0.105,28.39,4,3,2021,30,0.0,11.0,89.0,0.0,0,0,1,0,0,0,0,0,1,0,0
29944,3.9,1999.5,1,4085.0,0.136,28.28,4,4,2021,30,0.0,2.6,97.4,0.0,0,0,1,0,0,0,0,0,1,0,0
29894,4.0,1999.6,1,3808.0,0.127,26.48,4,4,2021,30,0.0,12.5,87.5,0.0,0,0,1,0,0,0,0,0,1,0,0
30036,3.9,1998.6,1,19955.0,0.664,7.36,3,4,2022,30,0.0,11.1,88.9,0.0,0,0,1,0,0,0,0,0,0,0,1
30081,4.0,1998.0,1,19755.0,0.657,8.01,4,4,2022,30,0.0,11.9,88.1,0.0,0,0,1,0,0,0,0,0,0,0,1
30086,4.2,1999.3,1,9703.0,0.323,11.27,4,4,2022,30,0.0,11.7,88.3,0.0,0,0,1,0,0,0,0,0,0,1,0
30182,3.9,2000.6,1,10076.0,0.334,11.84,4,4,2022,30,0.0,12.4,87.6,0.0,0,0,1,0,0,0,0,0,0,1,0
30024,4.0,1998.7,1,9722.0,0.324,5.63,4,4,2022,30,0.0,5.0,95.0,0.0,0,0,1,0,0,0,0,0,0,1,0
29940,4.1,1999.0,1,4205.0,0.14,26.57,4,4,2022,30,0.0,15.5,84.5,0.0,0,0,1,0,0,0,0,0,1,0,0
30087,4.0,1997.1,1,3012.0,0.1,31.48,3,4,2022,30,0.0,13.1,86.9,0.0,0,0,1,0,0,0,0,0,1,0,0
30046,4.0,2004.8,1,3578.0,0.119,26.46,4,4,2022,30,0.0,19.0,81.0,0.0,0,0,1,0,0,0,0,0,1,0,0
29887,4.1,1998.1,1,4578.0,0.153,40.25,4,4,2022,30,0.0,11.2,88.8,0.0,0,0,1,0,0,0,0,0,1,0,0
30176,3.9,2000.5,1,3948.0,0.131,28.29,3,4,2022,30,0.0,7.7,92.3,0.0,0,0,1,0,0,0,0,0,1,0,0
20043,3.9,2001.9,1,10802.0,0.539,6.29,2,1,2012,20,15.5,0.0,0.0,84.5,0,0,0,1,0,0,0,0,0,0,1
19833,4.0,2001.4,1,5377.0,0.271,13.0,2,0,2012,20,2.3,0.0,0.0,97.7,0,0,0,1,0,0,0,0,0,1,0
20084,4.0,2003.2,1,5203.0,0.259,12.61,1,0,2012,20,13.7,0.0,0.0,86.3,0,0,0,1,0,0,0,0,0,1,0
19985,4.0,1997.6,1,2298.0,0.115,32.55,3,0,2012,20,12.4,0.0,0.0,87.6,0,0,0,1,0,0,0,0,1,0,0
19830,3.9,1998.9,1,2151.0,0.108,26.61,2,0,2012,20,12.6,0.0,0.0,87.4,0,0,0,1,0,0,0,0,1,0,0
20122,4.1,1999.3,1,11126.0,0.553,5.04,2,0,2013,20,6.5,0.0,0.0,93.5,0,0,0,1,0,0,0,0,0,0,1
19984,4.0,2000.3,1,5398.0,0.27,10.82,2,0,2013,20,20.0,0.0,0.0,80.0,0,0,0,1,0,0,0,0,0,1,0
20049,4.1,2001.0,1,5600.0,0.279,13.54,2,0,2013,20,11.5,0.0,0.0,88.5,0,0,0,1,0,0,0,0,0,1,0
20092,4.0,2000.8,1,1939.0,0.097,33.49,3,0,2013,20,11.0,0.0,0.0,89.0,0,0,0,1,0,0,0,0,1,0,0
19966,3.9,2000.3,1,2548.0,0.128,34.62,2,0,2013,20,12.9,0.0,0.0,87.1,0,0,0,1,0,0,0,0,1,0,0
19914,3.9,2002.9,1,10751.0,0.54,6.57,2,0,2014,20,12.0,0.0,0.0,88.0,0,0,0,1,0,0,0,0,0,0,1
19966,4.1,2002.8,1,6346.0,0.318,11.12,3,0,2014,20,17.2,0.0,0.0,82.8,0,0,0,1,0,0,0,0,0,1,0
20171,3.9,2001.5,1,5236.0,0.26,12.33,3,0,2014,20,2.7,0.0,0.0,97.3,0,0,0,1,0,0,0,0,0,1,0
20067,3.9,1999.3,1,2036.0,0.101,32.68,2,1,2014,20,5.7,0.0,0.0,94.3,0,0,0,1,0,0,0,0,1,0,0
19940,4.0,2001.3,1,1222.0,0.061,28.76,1,1,2014,20,11.0,0.0,0.0,89.0,0,0,0,1,0,0,0,0,1,0,0
19890,4.1,2001.3,1,10779.0,0.542,6.29,2,1,2015,20,15.2,0.0,0.0,84.8,0,0,0,1,0,0,0,0,0,0,1
20127,3.9,2002.7,1,5180.0,0.257,8.78,2,0,2015,20,6.4,0.0,0.0,93.6,0,0,0,1,0,0,0,0,0,1,0
20107,4.1,1998.3,1,5082.0,0.253,9.12,2,0,2015,20,12.4,0.0,0.0,87.6,0,0,0,1,0,0,0,0,0,1,0
19927,4.1,1999.8,1,2470.0,0.124,28.4,2,1,2015,20,9.5,0.0,0.0,90.5,0,0,0,1,0,0,0,0,1,0,0
19964,4.1,2003.1,1,1288.0,0.065,21.56,3,0,2015,20,13.8,0.0,0.0,86.2,0,0,0,1,0,0,0,0,1,0,0
20277,4.1,1999.2,1,1991.0,0.098,28.23,2,0,2015,20,0.2,0.0,0.0,99.8,0,0,0,1,0,0,0,0,1,0,0
20070,3.8,1999.4,1,11097.0,0.553,4.81,1,0,2016,20,8.7,0.0,0.0,91.3,0,0,0,1,0,0,0,0,0,0,1
19980,4.1,1995.5,1,5919.0,0.296,5.54,2,0,2016,20,12.7,0.0,0.0,87.3,0,0,0,1,0,0,0,0,0,1,0
19956,3.9,1996.4,1,5062.0,0.254,12.35,2,1,2016,20,0.0,0.0,0.0,100.0,0,0,0,1,0,0,0,0,0,1,0
19919,3.9,1997.5,1,1976.0,0.099,25.25,2,1,2016,20,11.1,0.0,0.0,88.9,0,0,0,1,0,0,0,0,1,0,0
19912,4.0,2001.1,1,1457.0,0.073,22.56,2,0,2016,20,15.0,0.0,0.0,85.0,0,0,0,1,0,0,0,0,1,0,0
20159,4.2,2000.2,1,2092.0,0.104,28.56,2,0,2016,20,12.9,0.0,0.0,87.1,0,0,0,1,0,0,0,0,1,0,0
19866,4.0,2002.0,1,10667.0,0.537,9.26,2,0,2017,20,11.2,0.0,0.0,88.8,0,0,0,1,0,0,0,0,0,0,1
19955,4.0,1999.3,1,4796.0,0.24,9.18,3,0,2017,20,9.2,0.0,0.0,90.8,0,0,0,1,0,0,0,0,0,1,0
19956,4.1,2000.5,1,5017.0,0.251,10.75,2,0,2017,20,7.9,0.0,0.0,92.1,0,0,0,1,0,0,0,0,0,1,0
19831,4.1,1999.8,1,5332.0,0.269,24.01,2,0,2017,20,13.4,0.0,0.0,86.6,0,0,0,1,0,0,0,0,0,1,0
20161,4.1,2003.9,1,2206.0,0.109,37.27,2,0,2017,20,14.0,0.0,0.0,86.0,0,0,0,1,0,0,0,0,1,0,0
20031,4.0,2000.6,1,1555.0,0.078,27.01,2,0,2017,20,7.7,0.0,0.0,92.3,0,0,0,1,0,0,0,0,1,0,0
20049,3.9,2001.8,1,2617.0,0.131,29.29,3,0,2017,20,11.8,0.0,0.0,88.2,0,0,0,1,0,0,0,0,1,0,0
20055,3.7,2000.5,1,11166.0,0.557,6.74,2,0,2018,20,6.3,0.0,0.0,93.7,0,0,0,1,0,0,0,0,0,0,1
20193,4.0,2000.2,1,5340.0,0.264,9.98,2,0,2018,20,12.7,0.0,0.0,87.3,0,0,0,1,0,0,0,0,0,1,0
19827,3.9,1996.1,1,6112.0,0.308,10.67,1,0,2018,20,0.0,0.0,0.0,100.0,0,0,0,1,0,0,0,0,0,1,0
19930,3.9,1999.7,1,5980.0,0.3,10.0,2,0,2018,20,7.9,0.0,0.0,92.1,0,0,0,1,0,0,0,0,0,1,0
20169,3.9,1999.6,1,2329.0,0.115,22.93,2,0,2018,20,11.0,0.0,0.0,89.0,0,0,0,1,0,0,0,0,1,0,0
19911,4.0,2000.8,1,1763.0,0.089,30.51,2,0,2018,20,15.5,0.0,0.0,84.5,0,0,0,1,0,0,0,0,1,0,0
20105,3.9,1998.6,1,2079.0,0.103,28.23,2,1,2018,20,11.0,0.0,0.0,89.0,0,0,0,1,0,0,0,0,1,0,0
20090,4.0,2001.5,1,10791.0,0.537,5.2,2,1,2019,20,9.5,0.0,0.0,90.5,0,0,0,1,0,0,0,0,0,0,1
19880,4.1,2002.6,1,10808.0,0.544,4.88,1,1,2019,20,11.0,0.0,0.0,89.0,0,0,0,1,0,0,0,0,0,0,1
19862,4.2,2002.3,1,4837.0,0.244,8.47,3,1,2019,20,9.3,0.0,0.0,90.7,0,0,0,1,0,0,0,0,0,1,0
19980,3.9,2000.6,1,4965.0,0.248,11.25,2,0,2019,20,8.1,0.0,0.0,91.9,0,0,0,1,0,0,0,0,0,1,0
19976,4.0,1999.9,1,4994.0,0.25,9.85,3,0,2019,20,10.8,0.0,0.0,89.2,0,0,0,1,0,0,0,0,0,1,0
20107,4.0,1997.7,1,5035.0,0.25,8.64,2,0,2019,20,5.2,0.0,0.0,94.8,0,0,0,1,0,0,0,0,0,1,0
19876,3.8,2000.6,1,1247.0,0.063,31.67,2,0,2019,20,8.2,0.0,0.0,91.8,0,0,0,1,0,0,0,0,1,0,0
19943,3.9,2002.5,1,1674.0,0.084,35.35,2,0,2019,20,6.1,0.0,0.0,93.9,0,0,0,1,0,0,0,0,1,0,0
20013,4.1,2000.4,1,2195.0,0.11,22.9,2,0,2019,20,3.9,0.0,0.0,96.1,0,0,0,1,0,0,0,0,1,0,0
19950,3.8,2001.5,1,9988.0,0.501,5.72,2,0,2020,20,10.7,0.0,0.0,89.3,0,0,0,1,0,0,0,0,0,0,1
19766,4.0,2000.9,1,11216.0,0.567,5.89,2,0,2020,20,0.6,0.0,0.0,99.4,0,0,0,1,0,0,0,0,0,0,1
19926,4.0,2000.5,1,5406.0,0.271,8.85,2,0,2020,20,10.7,0.0,0.0,89.3,0,0,0,1,0,0,0,0,0,1,0
20169,4.1,1997.3,1,5342.0,0.265,11.04,2,0,2020,20,12.9,0.0,0.0,87.1,0,0,0,1,0,0,0,0,0,1,0
19895,3.8,1999.4,1,5662.0,0.285,13.15,2,0,2020,20,3.9,0.0,0.0,96.1,0,0,0,1,0,0,0,0,0,1,0
20014,4.2,2001.3,1,1512.0,0.076,27.74,2,1,2020,20,15.9,0.0,0.0,84.1,0,0,0,1,0,0,0,0,1,0,0
19960,4.1,2002.9,1,1827.0,0.092,29.46,2,1,2020,20,6.8,0.0,0.0,93.2,0,0,0,1,0,0,0,0,1,0,0
19828,4.2,1998.8,1,1272.0,0.064,27.6,3,0,2020,20,13.0,0.0,0.0,87.0,0,0,0,1,0,0,0,0,1,0,0
19933,4.1,1997.4,1,2632.0,0.132,27.33,1,0,2020,20,10.9,0.0,0.0,89.1,0,0,0,1,0,0,0,0,1,0,0
19954,4.0,1999.4,1,11133.0,0.558,7.0,2,1,2021,20,5.4,0.0,0.0,94.6,0,0,0,1,0,0,0,0,0,0,1
20183,4.0,2000.6,1,11251.0,0.557,7.35,2,0,2021,20,4.6,0.0,0.0,95.4,0,0,0,1,0,0,0,0,0,0,1
20052,4.1,2002.9,1,5376.0,0.268,11.87,2,0,2021,20,7.3,0.0,0.0,92.7,0,0,0,1,0,0,0,0,0,1,0
20050,4.0,1998.4,1,5182.0,0.258,8.0,2,0,2021,20,7.4,0.0,0.0,92.6,0,0,0,1,0,0,0,0,0,1,0
20044,4.0,1997.1,1,5959.0,0.297,11.78,2,0,2021,20,12.6,0.0,0.0,87.4,0,0,0,1,0,0,0,0,0,1,0
20098,4.1,2001.2,1,5724.0,0.285,6.48,1,0,2021,20,5.9,0.0,0.0,94.1,0,0,0,1,0,0,0,0,0,1,0
20153,4.1,1996.9,1,2764.0,0.137,28.26,2,0,2021,20,11.8,0.0,0.0,88.2,0,0,0,1,0,0,0,0,1,0,0
19851,4.0,1999.0,1,2257.0,0.114,38.03,2,1,2021,20,19.3,0.0,0.0,80.7,0,0,0,1,0,0,0,0,1,0,0
19876,4.0,1998.6,1,2291.0,0.115,23.57,2,0,2021,20,7.3,0.0,0.0,92.7,0,0,0,1,0,0,0,0,1,0,0
20096,3.9,2000.8,1,1927.0,0.096,25.2,1,1,2021,20,14.5,0.0,0.0,85.5,0,0,0,1,0,0,0,0,1,0,0
19879,4.2,2001.1,1,10687.0,0.538,6.07,3,1,2022,20,8.7,0.0,0.0,91.3,0,0,0,1,0,0,0,0,0,0,1
20073,4.1,2003.9,1,11558.0,0.576,5.77,2,0,2022,20,5.9,0.0,0.0,94.1,0,0,0,1,0,0,0,0,0,0,1
20123,4.1,2000.7,1,5714.0,0.284,7.55,2,1,2022,20,16.9,0.0,0.0,83.1,0,0,0,1,0,0,0,0,0,1,0
19875,3.8,2001.5,1,5759.0,0.29,10.08,2,1,2022,20,4.8,0.0,0.0,95.2,0,0,0,1,0,0,0,0,0,1,0
19991,4.0,1999.0,1,5409.0,0.271,8.04,2,0,2022,20,11.5,0.0,0.0,88.5,0,0,0,1,0,0,0,0,0,1,0
19990,3.9,1998.7,1,932.0,0.047,26.07,1,0,2022,20,5.7,0.0,0.0,94.3,0,0,0,1,0,0,0,0,1,0,0
19928,3.9,1999.5,1,2338.0,0.117,23.44,1,0,2022,20,8.3,0.0,0.0,91.7,0,0,0,1,0,0,0,0,1,0,0
19855,4.2,2001.3,1,1430.0,0.072,35.81,2,0,2022,20,2.2,0.0,0.0,97.8,0,0,0,1,0,0,0,0,1,0,0
20103,4.0,1997.0,1,1319.0,0.066,32.44,2,0,2022,20,13.8,0.0,0.0,86.2,0,0,0,1,0,0,0,0,1,0,0
20032,3.9,2001.3,1,2063.0,0.103,25.34,3,0,2022,20,2.3,0.0,0.0,97.7,0,0,0,1,0,0,0,0,1,0,0
9943,3.9,1999.0,1,2809.0,0.283,12.24,3,0,2012,10,0.0,0.0,0.0,100.0,0,0,0,0,1,0,0,0,0,1,0
9989,3.8,1999.5,1,2654.0,0.266,6.93,2,0,2012,10,0.0,0.0,0.0,100.0,0,0,0,0,1,0,0,0,0,1,0
9968,4.0,1998.9,1,2858.0,0.287,7.78,2,0,2012,10,100.0,0.0,0.0,100.0,0,0,0,0,1,0,0,0,0,1,0
10217,4.2,2003.6,1,1013.0,0.099,29.2,2,0,2012,10,0.0,0.0,0.0,100.0,0,0,0,0,1,0,0,0,1,0,0
10078,4.1,2000.0,1,929.0,0.092,32.5,2,0,2012,10,0.0,0.0,0.0,100.0,0,0,0,0,1,0,0,0,1,0,0
9953,3.9,2001.1,1,5373.0,0.54,7.02,2,1,2013,10,0.0,0.0,0.0,100.0,0,0,0,0,1,0,0,0,0,0,1
10035,4.1,1999.1,1,2562.0,0.255,7.44,1,1,2013,10,0.0,0.0,0.0,100.0,0,0,0,0,1,0,0,0,0,1,0
9860,3.9,1998.9,1,620.0,0.063,23.39,1,1,2013,10,0.0,0.0,0.0,100.0,0,0,0,0,1,0,0,0,1,0,0
9938,3.9,1996.9,1,995.0,0.1,24.41,3,0,2013,10,0.0,0.0,0.0,100.0,0,0,0,0,1,0,0,0,1,0,0
9932,4.0,2000.0,1,5307.0,0.534,6.31,2,0,2014,10,0.0,0.0,0.0,100.0,0,0,0,0,1,0,0,0,0,0,1
10040,3.9,1999.7,1,2485.0,0.248,13.97,2,0,2014,10,0.0,0.0,0.0,100.0,0,0,0,0,1,0,0,0,0,1,0
9930,4.0,1997.7,1,978.0,0.098,29.55,2,1,2014,10,0.0,0.0,0.0,100.0,0,0,0,0,1,0,0,0,1,0,0
10022,4.0,1998.5,1,781.0,0.078,35.88,3,1,2014,10,0.0,0.0,0.0,100.0,0,0,0,0,1,0,0,0,1,0,0
9965,4.0,1997.4,1,5345.0,0.536,6.01,2,0,2015,10,0.0,0.0,0.0,100.0,0,0,0,0,1,0,0,0,0,0,1
9846,4.0,2000.5,1,2448.0,0.249,9.73,2,1,2015,10,0.0,0.0,0.0,100.0,0,0,0,0,1,0,0,0,0,1,0
10037,3.8,2003.6,1,2949.0,0.294,11.79,2,0,2015,10,0.0,0.0,0.0,100.0,0,0,0,0,1,0,0,0,0,1,0
10133,4.1,1999.3,1,910.0,0.09,31.01,3,0,2015,10,0.0,0.0,0.0,100.0,0,0,0,0,1,0,0,0,1,0,0
10021,4.0,1998.8,1,1343.0,0.134,36.15,2,0,2015,10,0.0,0.0,0.0,100.0,0,0,0,0,1,0,0,0,1,0,0
10135,4.0,2000.1,1,1359.0,0.134,29.16,2,0,2015,10,0.0,0.0,0.0,100.0,0,0,0,0,1,0,0,0,1,0,0
9895,4.0,1999.1,1,5129.0,0.518,6.53,1,0,2016,10,0.0,0.0,0.0,100.0,0,0,0,0,1,0,0,0,0,0,1
10048,3.9,1999.0,1,2721.0,0.271,12.92,3,0,2016,10,0.0,0.0,0.0,100.0,0,0,0,0,1,0,0,0,0,1,0
9783,4.0,2001.4,1,2511.0,0.257,9.06,2,0,2016,10,0.0,0.0,0.0,100.0,0,0,0,0,1,0,0,0,0,1,0
9973,3.9,2001.5,1,525.0,0.053,36.34,2,0,2016,10,0.0,0.0,0.0,100.0,0,0,0,0,1,0,0,0,1,0,0
10018,3.7,2002.1,1,1372.0,0.137,33.21,2,0,2016,10,0.0,0.0,0.0,100.0,0,0,0,0,1,0,0,0,1,0,0
10032,4.0,2000.7,1,830.0,0.083,31.51,2,0,2016,10,0.0,0.0,0.0,100.0,0,0,0,0,1,0,0,0,1,0,0
10027,4.0,1999.9,1,5424.0,0.541,5.37,2,0,2017,10,0.0,0.0,0.0,100.0,0,0,0,0,1,0,0,0,0,0,1
10036,3.8,2004.4,1,2716.0,0.271,7.34,2,0,2017,10,0.0,0.0,0.0,100.0,0,0,0,0,1,0,0,0,0,1,0
10076,4.0,1998.9,1,2649.0,0.263,9.04,2,1,2017,10,0.0,0.0,0.0,100.0,0,0,0,0,1,0,0,0,0,1,0
9984,3.9,2000.9,1,2530.0,0.253,11.44,3,0,2017,10,0.0,0.0,0.0,100.0,0,0,0,0,1,0,0,0,0,1,0
9899,4.0,1999.1,1,1158.0,0.117,34.18,1,1,2017,10,0.0,0.0,0.0,100.0,0,0,0,0,1,0,0,0,1,0,0
9916,4.0,2000.0,1,891.0,0.09,29.28,2,0,2017,10,0.0,0.0,0.0,100.0,0,0,0,0,1,0,0,0,1,0,0
9804,3.9,1996.1,1,5291.0,0.54,6.59,2,0,2018,10,0.0,0.0,0.0,100.0,0,0,0,0,1,0,0,0,0,0,1
9982,4.0,2002.4,1,2633.0,0.264,9.38,2,0,2018,10,0.0,0.0,0.0,100.0,0,0,0,0,1,0,0,0,0,1,0
10030,4.1,2004.0,1,2545.0,0.254,10.41,2,0,2018,10,0.0,0.0,0.0,100.0,0,0,0,0,1,0,0,0,0,1,0
10088,3.9,1998.8,1,2884.0,0.286,12.6,1,0,2018,10,0.0,0.0,0.0,100.0,0,0,0,0,1,0,0,0,0,1,0
10123,3.9,2001.8,1,857.0,0.085,25.35,2,0,2018,10,0.0,0.0,0.0,100.0,0,0,0,0,1,0,0,0,1,0,0
9980,3.9,2001.0,1,1381.0,0.138,30.81,3,0,2018,10,0.0,0.0,0.0,100.0,0,0,0,0,1,0,0,0,1,0,0
9712,3.7,1999.1,1,4921.0,0.507,4.51,2,0,2019,10,0.0,0.0,0.0,100.0,0,0,0,0,1,0,0,0,0,0,1
10074,4.1,2001.8,1,5355.0,0.532,6.49,2,0,2019,10,0.0,0.0,0.0,100.0,0,0,0,0,1,0,0,0,0,0,1
10059,4.1,1997.4,1,2842.0,0.283,10.69,2,0,2019,10,0.0,0.0,0.0,100.0,0,0,0,0,1,0,0,0,0,1,0
10171,4.1,2000.8,1,2693.0,0.265,14.86,2,1,2019,10,0.0,0.0,0.0,100.0,0,0,0,0,1,0,0,0,0,1,0
10026,3.9,2002.0,1,2398.0,0.239,12.16,2,0,2019,10,0.0,0.0,0.0,100.0,0,0,0,0,1,0,0,0,0,1,0
9919,4.0,1998.7,1,2476.0,0.25,8.05,2,0,2019,10,0.0,0.0,0.0,100.0,0,0,0,0,1,0,0,0,0,1,0
9986,4.0,2001.0,1,993.0,0.099,36.58,3,1,2019,10,0.0,0.0,0.0,100.0,0,0,0,0,1,0,0,0,1,0,0
10087,4.1,1998.7,1,1122.0,0.111,36.5,1,0,2019,10,0.0,0.0,0.0,100.0,0,0,0,0,1,0,0,0,1,0,0
9991,4.1,1997.7,1,888.0,0.089,27.21,2,0,2019,10,0.0,0.0,0.0,100.0,0,0,0,0,1,0,0,0,1,0,0
9983,4.2,1999.0,1,5369.0,0.538,6.87,3,1,2020,10,0.0,0.0,0.0,100.0,0,0,0,0,1,0,0,0,0,0,1
10021,4.1,2003.1,1,5610.0,0.56,5.69,2,0,2020,10,0.0,0.0,0.0,100.0,0,0,0,0,1,0,0,0,0,0,1
9913,4.0,1997.5,1,2808.0,0.283,8.09,2,0,2020,10,0.0,0.0,0.0,100.0,0,0,0,0,1,0,0,0,0,1,0
9912,4.0,2000.4,1,2590.0,0.261,12.28,2,0,2020,10,0.0,0.0,0.0,100.0,0,0,0,0,1,0,0,0,0,1,0
10002,3.9,2003.0,1,2590.0,0.259,7.98,2,0,2020,10,0.0,0.0,0.0,100.0,0,0,0,0,1,0,0,0,0,1,0
9980,4.0,2000.6,1,839.0,0.084,21.07,1,0,2020,10,0.0,0.0,0.0,100.0,0,0,0,0,1,0,0,0,1,0,0
10227,3.9,1999.5,1,980.0,0.096,33.84,2,0,2020,10,0.0,0.0,0.0,100.0,0,0,0,0,1,0,0,0,1,0,0
9873,3.8,1997.9,1,863.0,0.087,31.67,2,1,2020,10,0.0,0.0,0.0,100.0,0,0,0,0,1,0,0,0,1,0,0
9970,4.1,1999.0,1,1237.0,0.124,34.01,2,0,2020,10,0.0,0.0,0.0,100.0,0,0,0,0,1,0,0,0,1,0,0
10059,4.1,2002.4,1,5360.0,0.533,7.8,2,0,2021,10,0.0,0.0,0.0,100.0,0,0,0,0,1,0,0,0,0,0,1
10126,4.0,1999.5,1,5284.0,0.522,6.31,3,0,2021,10,0.0,0.0,0.0,100.0,0,0,0,0,1,0,0,0,0,0,1
10081,3.9,2000.15,1,2832.0,0.281,7.05,2,0,2021,10,0.0,0.0,0.0,100.0,0,0,0,0,1,0,0,0,0,1,0
9962,3.9,2000.8,1,2624.0,0.263,8.51,2,0,2021,10,0.0,0.0,0.0,100.0,0,0,0,0,1,0,0,0,0,1,0
9987,4.0,1997.9,1,2732.0,0.274,7.45,1,0,2021,10,0.0,0.0,0.0,100.0,0,0,0,0,1,0,0,0,0,1,0
10091,3.7,2002.0,1,2546.0,0.252,8.72,2,0,2021,10,0.0,0.0,0.0,100.0,0,0,0,0,1,0,0,0,0,1,0
10187,3.9,2002.5,1,986.0,0.097,32.62,1,0,2021,10,0.0,0.0,0.0,100.0,0,0,0,0,1,0,0,0,1,0,0
10142,4.0,2002.3,1,1142.0,0.113,33.56,2,0,2021,10,0.0,0.0,0.0,100.0,0,0,0,0,1,0,0,0,1,0,0
9959,4.1,2001.3,1,1195.0,0.12,26.13,2,0,2021,10,0.0,0.0,0.0,100.0,0,0,0,0,1,0,0,0,1,0,0
9893,4.1,2000.7,1,724.0,0.073,28.06,2,0,2021,10,0.0,0.0,0.0,100.0,0,0,0,0,1,0,0,0,1,0,0
10188,3.9,1999.0,1,5550.0,0.545,5.34,2,0,2022,10,0.0,0.0,0.0,100.0,0,0,0,0,1,0,0,0,0,0,1
9957,4.0,1997.0,1,5504.0,0.553,4.27,2,1,2022,10,0.0,0.0,0.0,100.0,0,0,0,0,1,0,0,0,0,0,1
9957,4.1,1998.4,1,2559.0,0.257,10.05,1,0,2022,10,0.0,0.0,0.0,100.0,0,0,0,0,1,0,0,0,0,1,0
9886,3.9,1997.3,1,2753.0,0.278,6.96,2,0,2022,10,0.0,0.0,0.0,100.0,0,0,0,0,1,0,0,0,0,1,0
10000,3.8,1997.1,1,2524.0,0.252,9.87,2,0,2022,10,0.0,0.0,0.0,100.0,0,0,0,0,1,0,0,0,0,1,0
10073,4.0,1995.1,1,1013.0,0.101,33.39,3,1,2022,10,0.0,0.0,0.0,100.0,0,0,0,0,1,0,0,0,1,0,0
9935,4.0,1998.2,1,1040.0,0.105,32.3,3,0,2022,10,0.0,0.0,0.0,100.0,0,0,0,0,1,0,0,0,1,0,0
9982,4.1,1998.9,1,990.0,0.099,31.82,2,0,2022,10,0.0,0.0,0.0,100.0,0,0,0,0,1,0,0,0,1,0,0
10142,4.0,1998.8,1,1039.0,0.102,27.95,2,0,2022,10,0.0,0.0,0.0,100.0,0,0,0,0,1,0,0,0,1,0,0
10055,4.0,2001.3,1,877.0,0.087,26.49,1,0,2022,10,0.0,0.0,0.0,100.0,0,0,0,0,1,0,0,0,1,0,0
10085,3.9,1997.2,1,3097.0,0.307,9.75,0,4,2012,10,100.0,0.0,0.0,0.0,0,0,0,0,0,1,0,0,0,1,0
9974,4.1,2000.7,1,2908.0,0.292,21.19,0,4,2012,10,100.0,0.0,0.0,0.0,0,0,0,0,0,1,0,0,0,1,0
10072,4.1,2001.1,1,870.0,0.086,32.63,0,4,2012,10,100.0,0.0,0.0,0.0,0,0,0,0,0,1,0,0,1,0,0
9949,3.9,1998.1,1,1216.0,0.122,22.33,0,4,2012,10,100.0,0.0,0.0,0.0,0,0,0,0,0,1,0,0,1,0,0
10055,4.0,1997.9,1,6187.0,0.615,5.58,1,4,2013,10,100.0,0.0,0.0,0.0,0,0,0,0,0,1,0,0,0,0,1
10073,3.8,2000.4,1,3645.0,0.291,7.45,0,4,2013,10,100.0,0.0,0.0,0.0,0,0,0,0,0,1,0,0,0,1,0
9914,3.9,1999.9,1,1103.0,0.111,36.33,0,4,2013,10,100.0,0.0,0.0,0.0,0,0,0,0,0,1,0,0,1,0,0
10086,3.9,1999.9,1,1170.0,0.116,26.61,0,3,2013,10,100.0,0.0,0.0,0.0,0,0,0,0,0,1,0,0,1,0,0
9763,4.0,2002.4,1,5690.0,0.583,8.34,1,4,2014,10,100.0,0.0,0.0,0.0,0,0,0,0,0,1,0,0,0,0,1
9935,4.1,2001.5,1,2782.0,0.28,11.0,1,4,2014,10,100.0,0.0,0.0,0.0,0,0,0,0,0,1,0,0,0,1,0
9943,4.0,2002.2,1,1219.0,0.123,24.26,0,4,2014,10,100.0,0.0,0.0,0.0,0,0,0,0,0,1,0,0,1,0,0
10015,4.1,1998.0,1,976.0,0.097,29.97,0,3,2014,10,100.0,0.0,0.0,0.0,0,0,0,0,0,1,0,0,1,0,0
10026,4.0,1996.8,1,6081.0,0.607,5.01,1,4,2015,10,100.0,0.0,0.0,0.0,0,0,0,0,0,1,0,0,0,0,1
9985,3.9,1998.0,1,3125.0,0.313,5.78,0,3,2015,10,100.0,0.0,0.0,0.0,0,0,0,0,0,1,0,0,0,1,0
10081,4.1,1996.0,1,2876.0,0.285,9.76,0,4,2015,10,100.0,0.0,0.0,0.0,0,0,0,0,0,1,0,0,0,1,0
9922,4.1,2001.6,1,840.0,0.085,36.84,0,4,2015,10,100.0,0.0,0.0,0.0,0,0,0,0,0,1,0,0,1,0,0
9850,4.1,1998.7,1,940.0,0.095,29.43,1,4,2015,10,100.0,0.0,0.0,0.0,0,0,0,0,0,1,0,0,1,0,0
9815,3.9,2001.5,1,5797.0,0.591,6.19,0,4,2016,10,100.0,0.0,0.0,0.0,0,0,0,0,0,1,0,0,0,0,1
9818,4.1,1997.5,1,2906.0,0.296,9.33,1,4,2016,10,100.0,0.0,0.0,0.0,0,0,0,0,0,1,0,0,0,1,0
10088,3.9,2000.3,1,2912.0,0.289,9.33,0,4,2016,10,100.0,0.0,0.0,0.0,0,0,0,0,0,1,0,0,0,1,0
10106,3.9,2002.0,1,1262.0,0.125,32.52,0,4,2016,10,100.0,0.0,0.0,0.0,0,0,0,0,0,1,0,0,1,0,0
9939,3.8,2000.5,1,1372.0,0.138,29.95,0,4,2016,10,100.0,0.0,0.0,0.0,0,0,0,0,0,1,0,0,1,0,0
9983,4.0,2000.9,1,5530.0,0.554,7.18,0,3,2017,10,100.0,0.0,0.0,0.0,0,0,0,0,0,1,0,0,0,0,1
10117,3.9,1999.8,1,2902.0,0.287,13.89,0,4,2017,10,100.0,0.0,0.0,0.0,0,0,0,0,0,1,0,0,0,1,0
10024,4.0,2000.4,1,3213.0,0.321,8.84,0,4,2017,10,100.0,0.0,0.0,0.0,0,0,0,0,0,1,0,0,0,1,0
10149,3.8,2000.6,1,1086.0,0.107,29.95,0,4,2017,10,100.0,0.0,0.0,0.0,0,0,0,0,0,1,0,0,1,0,0
10011,4.0,2002.2,1,1124.0,0.112,27.71,0,4,2017,10,0.0,0.0,0.0,0.0,0,0,0,0,0,1,0,0,1,0,0
10122,3.8,1999.4,1,5639.0,0.557,7.12,0,4,2018,10,100.0,0.0,0.0,0.0,0,0,0,0,0,1,0,0,0,0,1
9827,4.1,1998.6,1,2831.0,0.288,9.96,1,4,2018,10,100.0,0.0,0.0,0.0,0,0,0,0,0,1,0,0,0,1,0
10103,4.0,2000.2,1,2528.0,0.25,8.74,1,3,2018,10,100.0,0.0,0.0,0.0,0,0,0,0,0,1,0,0,0,1,0
9936,3.9,1998.3,1,782.0,0.079,28.95,0,4,2018,10,100.0,0.0,0.0,0.0,0,0,0,0,0,1,0,0,1,0,0
10166,4.1,1999.3,1,3171.0,0.318,26.22,0,4,2018,10,100.0,0.0,0.0,0.0,0,0,0,0,0,1,0,0,1,0,0
9984,4.0,1998.6,1,5560.0,0.557,7.39,0,4,2019,10,100.0,0.0,0.0,0.0,0,0,0,0,0,1,0,0,0,0,1
9957,4.0,1999.2,1,3104.0,0.312,12.4,0,4,2019,10,100.0,0.0,0.0,0.0,0,0,0,0,0,1,0,0,0,1,0
10237,4.0,2003.1,1,3243.0,0.317,9.16,0,4,2019,10,100.0,0.0,0.0,0.0,0,0,0,0,0,1,0,0,0,1,0
10040,4.0,2000.0,1,1079.0,0.107,31.82,0,4,2019,10,100.0,0.0,0.0,0.0,0,0,0,0,0,1,0,0,1,0,0
10067,4.0,2001.4,1,1306.0,0.13,33.58,0,4,2019,10,100.0,0.0,0.0,0.0,0,0,0,0,0,1,0,0,1,0,0
9906,4.1,2000.7,1,1345.0,0.136,29.97,0,4,2019,10,100.0,0.0,0.0,0.0,0,0,0,0,0,1,0,0,1,0,0
10049,3.9,1999.6,1,6161.0,0.613,5.67,0,3,2020,10,100.0,0.0,0.0,0.0,0,0,0,0,0,1,0,0,0,0,1
10009,4.0,2000.7,1,5966.0,0.596,5.15,0,4,2020,10,100.0,0.0,0.0,0.0,0,0,0,0,0,1,0,0,0,0,1
10061,4.2,2000.6,1,2710.0,0.45299999999999996,12.02,1,4,2020,10,100.0,0.0,0.0,0.0,0,0,0,0,0,1,0,0,0,1,0
9937,4.0,1998.6,1,3081.0,0.31,10.89,0,4,2020,10,100.0,0.0,0.0,0.0,0,0,0,0,0,1,0,0,0,1,0
9958,4.1,1998.4,1,1003.0,0.101,31.74,0,3,2020,10,100.0,0.0,0.0,0.0,0,0,0,0,0,1,0,0,1,0,0
9864,4.0,2004.0,1,1206.0,0.122,33.28,0,4,2020,10,100.0,0.0,0.0,0.0,0,0,0,0,0,1,0,0,1,0,0
9981,3.9,2001.5,1,1125.0,0.113,34.18,0,4,2020,10,100.0,0.0,0.0,0.0,0,0,0,0,0,1,0,0,1,0,0
10017,4.1,2003.4,1,692.0,0.069,26.32,0,4,2020,10,100.0,0.0,0.0,0.0,0,0,0,0,0,1,0,0,1,0,0
9895,4.0,1999.8,1,5757.0,0.582,6.53,1,4,2021,10,100.0,0.0,0.0,0.0,0,0,0,0,0,1,0,0,0,0,1
10169,3.9,2000.2,1,5818.0,0.572,5.24,0,3,2021,10,100.0,0.0,0.0,0.0,0,0,0,0,0,1,0,0,0,0,1
10008,4.0,1998.1,1,2846.0,0.284,12.09,0,4,2021,10,100.0,0.0,0.0,0.0,0,0,0,0,0,1,0,0,0,1,0
9921,4.1,1996.5,1,2551.0,0.257,11.26,0,4,2021,10,100.0,0.0,0.0,0.0,0,0,0,0,0,1,0,0,0,1,0
9974,4.0,2000.8,1,3054.0,0.306,10.53,0,4,2021,10,100.0,0.0,0.0,0.0,0,0,0,0,0,1,0,0,0,1,0
9997,4.0,2000.5,1,1010.0,0.101,29.81,0,4,2021,10,100.0,0.0,0.0,0.0,0,0,0,0,0,1,0,0,1,0,0
9890,3.9,2000.2,1,1072.0,0.108,25.07,0,4,2021,10,100.0,0.0,0.0,0.0,0,0,0,0,0,1,0,0,1,0,0
10008,4.0,1999.5,1,930.0,0.093,27.48,0,4,2021,10,100.0,0.0,0.0,0.0,0,0,0,0,0,1,0,0,1,0,0
10031,3.8,2000.5,1,868.0,0.087,28.76,0,4,2021,10,100.0,0.0,0.0,0.0,0,0,0,0,0,1,0,0,1,0,0
10147,4.1,1998.6,1,5675.0,0.559,4.99,0,4,2022,10,100.0,0.0,0.0,0.0,0,0,0,0,0,1,0,0,0,0,1
9941,4.2,1999.8,1,6054.0,0.609,4.85,1,4,2022,10,100.0,0.0,0.0,0.0,0,0,0,0,0,1,0,0,0,0,1
10172,4.0,2001.9,1,3587.0,0.353,9.11,0,4,2022,10,100.0,0.0,0.0,0.0,0,0,0,0,0,1,0,0,0,1,0
9898,4.2,1998.2,1,3254.0,0.329,9.71,0,4,2022,10,100.0,0.0,0.0,0.0,0,0,0,0,0,1,0,0,0,1,0
9942,4.0,2000.3,1,3609.0,0.363,7.42,0,4,2022,10,100.0,0.0,0.0,0.0,0,0,0,0,0,1,0,0,0,1,0
10112,4.0,2001.8,1,484.0,0.048,29.08,0,4,2022,10,100.0,0.0,0.0,0.0,0,0,0,0,0,1,0,0,1,0,0
9912,3.9,2000.5,1,1247.0,0.126,30.49,0,4,2022,10,100.0,0.0,0.0,0.0,0,0,0,0,0,1,0,0,1,0,0
9884,4.0,2002.8,1,1017.0,0.103,25.99,0,4,2022,10,100.0,0.0,0.0,0.0,0,0,0,0,0,1,0,0,1,0,0
10088,4.0,1996.8,1,1119.0,0.111,36.4,1,4,2022,10,100.0,0.0,0.0,0.0,0,0,0,0,0,1,0,0,1,0,0
10094,4.0,2002.9,1,1420.0,0.141,28.83,0,4,2022,10,100.0,0.0,0.0,0.0,0,0,0,0,0,1,0,0,1,0,0
9923,3.9,1998.2,1,2714.0,0.274,9.0,4,2,2012,10,0.0,100.0,0.0,0.0,0,0,0,0,0,0,1,0,0,1,0
10063,4.0,1999.8,1,1023.0,0.102,31.42,4,2,2012,10,0.0,100.0,0.0,0.0,0,0,0,0,0,0,1,0,1,0,0
10065,3.9,2002.1,1,684.0,0.068,32.2,4,2,2012,10,0.0,100.0,0.0,0.0,0,0,0,0,0,0,1,0,1,0,0
9926,4.0,2000.4,1,2692.0,0.271,7.3,3,2,2013,10,0.0,100.0,0.0,0.0,0,0,0,0,0,0,1,0,0,1,0
9976,3.9,2000.8,1,1019.0,0.102,24.62,3,2,2013,10,0.0,100.0,0.0,0.0,0,0,0,0,0,0,1,0,1,0,0
9899,3.8,2000.4,1,895.0,0.09,25.14,4,2,2013,10,0.0,100.0,0.0,0.0,0,0,0,0,0,0,1,0,1,0,0
10052,4.3,1999.3,1,2684.0,0.267,7.91,4,2,2014,10,0.0,100.0,0.0,0.0,0,0,0,0,0,0,1,0,0,1,0
10175,4.0,2001.7,1,1056.0,0.104,39.66,4,2,2014,10,0.0,100.0,0.0,0.0,0,0,0,0,0,0,1,0,1,0,0
10021,3.9,1999.2,1,879.0,0.088,35.0,4,1,2014,10,0.0,100.0,0.0,0.0,0,0,0,0,0,0,1,0,1,0,0
9995,3.8,1998.7,1,5090.0,0.509,6.81,4,1,2015,10,0.0,100.0,0.0,0.0,0,0,0,0,0,0,1,0,0,0,1
10065,3.9,1997.4,1,2452.0,0.244,9.98,4,2,2015,10,0.0,100.0,0.0,0.0,0,0,0,0,0,0,1,0,0,1,0
10215,4.0,1996.8,1,2672.0,0.262,17.01,4,1,2015,10,0.0,100.0,0.0,0.0,0,0,0,0,0,0,1,0,0,1,0
9969,4.0,2002.5,1,471.0,0.047,31.79,4,2,2015,10,0.0,100.0,0.0,0.0,0,0,0,0,0,0,1,0,1,0,0
9947,4.0,2001.6,1,1052.0,0.106,34.52,4,3,2015,10,0.0,100.0,0.0,0.0,0,0,0,0,0,0,1,0,1,0,0
9891,4.1,1998.8,1,4616.0,0.467,6.28,4,2,2016,10,0.0,100.0,0.0,0.0,0,0,0,0,0,0,1,0,0,0,1
10051,4.0,2004.9,1,2571.0,0.256,9.81,4,3,2016,10,0.0,100.0,0.0,0.0,0,0,0,0,0,0,1,0,0,1,0
10156,4.0,2001.8,1,2547.0,0.251,11.44,4,2,2016,10,0.0,100.0,0.0,0.0,0,0,0,0,0,0,1,0,0,1,0
9864,4.0,2002.1,1,717.0,0.073,27.2,4,2,2016,10,0.0,100.0,0.0,0.0,0,0,0,0,0,0,1,0,1,0,0
9975,3.9,1998.2,1,987.0,0.099,31.83,4,2,2016,10,0.0,100.0,0.0,0.0,0,0,0,0,0,0,1,0,1,0,0
9993,4.0,1999.0,1,5240.0,0.524,7.13,4,3,2017,10,0.0,100.0,0.0,0.0,0,0,0,0,0,0,1,0,0,0,1
9977,3.9,1999.2,1,2359.0,0.236,6.48,4,3,2017,10,0.0,100.0,0.0,0.0,0,0,0,0,0,0,1,0,0,1,0
9891,3.9,1998.5,1,2383.0,0.241,9.89,3,2,2017,10,0.0,100.0,0.0,0.0,0,0,0,0,0,0,1,0,0,1,0
10003,3.9,1998.1,1,711.0,0.071,24.83,4,3,2017,10,0.0,100.0,0.0,0.0,0,0,0,0,0,0,1,0,1,0,0
10036,3.9,2001.3,1,811.0,0.081,25.47,4,1,2017,10,0.0,100.0,0.0,0.0,0,0,0,0,0,0,1,0,1,0,0
10062,4.0,1998.9,1,4959.0,0.493,6.17,4,3,2018,10,0.0,100.0,0.0,0.0,0,0,0,0,0,0,1,0,0,0,1
9865,4.0,2001.3,1,2229.0,0.226,8.11,4,3,2018,10,0.0,100.0,0.0,0.0,0,0,0,0,0,0,1,0,0,1,0
10136,4.2,1998.2,1,2586.0,0.255,10.21,4,1,2018,10,0.0,100.0,0.0,0.0,0,0,0,0,0,0,1,0,0,1,0
9942,3.9,1998.2,1,905.0,0.091,34.35,4,2,2018,10,0.0,100.0,0.0,0.0,0,0,0,0,0,0,1,0,1,0,0
9808,4.0,1999.0,1,1164.0,0.119,25.42,3,3,2018,10,0.0,100.0,0.0,0.0,0,0,0,0,0,0,1,0,1,0,0
9958,4.0,2002.2,1,5045.0,0.507,5.6,4,1,2019,10,0.0,100.0,0.0,0.0,0,0,0,0,0,0,1,0,0,0,1
9990,4.2,2002.1,1,2656.0,0.266,10.3,3,3,2019,10,0.0,100.0,0.0,0.0,0,0,0,0,0,0,1,0,0,1,0
9813,4.2,2001.7,1,2470.0,0.252,10.96,3,1,2019,10,0.0,100.0,0.0,0.0,0,0,0,0,0,0,1,0,0,1,0
9964,4.1,2001.3,1,1209.0,0.121,32.78,4,2,2019,10,0.0,100.0,0.0,0.0,0,0,0,0,0,0,1,0,1,0,0
10146,4.2,1999.7,1,1136.0,0.112,29.61,4,2,2019,10,0.0,100.0,0.0,0.0,0,0,0,0,0,0,1,0,1,0,0
9972,3.9,2001.5,1,964.0,0.097,34.79,4,2,2019,10,0.0,100.0,0.0,0.0,0,0,0,0,0,0,1,0,1,0,0
9936,4.0,2002.0,1,5335.0,0.537,5.54,3,2,2020,10,0.0,100.0,0.0,0.0,0,0,0,0,0,0,1,0,0,0,1
10028,4.0,1998.0,1,2657.0,0.265,9.92,4,1,2020,10,0.0,100.0,0.0,0.0,0,0,0,0,0,0,1,0,0,1,0
9935,3.9,2002.5,1,2606.0,0.262,12.07,4,2,2020,10,0.0,100.0,0.0,0.0,0,0,0,0,0,0,1,0,0,1,0
10034,3.9,2004.2,1,992.0,0.099,22.91,4,2,2020,10,0.0,100.0,0.0,0.0,0,0,0,0,0,0,1,0,1,0,0
10112,4.0,2002.1,1,1194.0,0.118,28.13,4,1,2020,10,0.0,100.0,0.0,0.0,0,0,0,0,0,0,1,0,1,0,0
10228,4.0,1999.2,1,826.0,0.081,36.55,4,2,2020,10,0.0,100.0,0.0,0.0,0,0,0,0,0,0,1,0,1,0,0
9846,4.1,2002.0,1,795.0,0.081,29.18,3,2,2020,10,0.0,100.0,0.0,0.0,0,0,0,0,0,0,1,0,1,0,0
9985,4.1,2000.6,1,5079.0,0.509,6.18,4,2,2021,10,0.0,100.0,0.0,0.0,0,0,0,0,0,0,1,0,0,0,1
10150,4.1,1999.5,1,2470.0,0.243,6.81,4,2,2021,10,0.0,100.0,0.0,0.0,0,0,0,0,0,0,1,0,0,1,0
10024,3.9,2000.3,1,2652.0,0.265,9.59,3,2,2021,10,0.0,100.0,0.0,0.0,0,0,0,0,0,0,1,0,0,1,0
9997,3.8,2001.2,1,2616.0,0.262,11.67,4,2,2021,10,0.0,100.0,0.0,0.0,0,0,0,0,0,0,1,0,0,1,0
9931,3.9,1998.7,1,1108.0,0.112,33.61,4,2,2021,10,0.0,100.0,0.0,0.0,0,0,0,0,0,0,1,0,1,0,0
10110,4.1,2001.7,1,873.0,0.086,26.89,3,2,2021,10,0.0,100.0,0.0,0.0,0,0,0,0,0,0,1,0,1,0,0
9889,4.0,2001.1,1,667.0,0.067,26.5,3,4,2021,10,0.0,100.0,0.0,0.0,0,0,0,0,0,0,1,0,1,0,0
9902,4.0,1999.8,1,768.0,0.078,31.58,4,2,2021,10,0.0,100.0,0.0,0.0,0,0,0,0,0,0,1,0,1,0,0
9894,4.0,1999.0,1,5171.0,0.523,3.57,4,1,2022,10,0.0,100.0,0.0,0.0,0,0,0,0,0,0,1,0,0,0,1
10106,4.1,1997.6,1,5173.0,0.512,6.98,4,2,2022,10,0.0,100.0,0.0,0.0,0,0,0,0,0,0,1,0,0,0,1
9975,4.2,1999.6,1,2410.0,0.242,9.47,4,2,2022,10,0.0,100.0,0.0,0.0,0,0,0,0,0,0,1,0,0,1,0
10205,3.9,2000.3,1,2729.0,0.267,11.16,4,2,2022,10,0.0,100.0,0.0,0.0,0,0,0,0,0,0,1,0,0,1,0
10033,3.9,1996.2,1,2556.0,0.255,11.24,4,2,2022,10,0.0,100.0,0.0,0.0,0,0,0,0,0,0,1,0,0,1,0
10114,4.0,1999.2,1,827.0,0.082,31.42,3,2,2022,10,0.0,100.0,0.0,0.0,0,0,0,0,0,0,1,0,1,0,0
10071,4.1,1998.8,1,929.0,0.092,34.5,4,2,2022,10,0.0,100.0,0.0,0.0,0,0,0,0,0,0,1,0,1,0,0
10088,4.0,2000.4,1,1122.0,0.111,34.94,4,2,2022,10,0.0,100.0,0.0,0.0,0,0,0,0,0,0,1,0,1,0,0
10003,3.9,2000.8,1,965.0,0.096,38.59,4,2,2022,10,0.0,100.0,0.0,0.0,0,0,0,0,0,0,1,0,1,0,0
9776,3.8,2000.4,1,1068.0,0.109,33.93,3,2,2022,10,0.0,100.0,0.0,0.0,0,0,0,0,0,0,1,0,1,0,0
9919,4.2,1995.4,1,3340.0,0.337,11.61,4,4,2012,10,0.0,0.0,100.0,0.0,0,0,0,0,0,0,0,1,0,1,0
10087,3.9,1997.5,1,1104.0,0.109,36.47,4,4,2012,10,0.0,0.0,100.0,0.0,0,0,0,0,0,0,0,1,1,0,0
10022,4.1,1996.4,1,1156.0,0.115,28.42,4,4,2012,10,0.0,0.0,100.0,0.0,0,0,0,0,0,0,0,1,1,0,0
9974,4.0,2002.0,1,3647.0,0.366,11.26,4,4,2013,10,0.0,0.0,100.0,0.0,0,0,0,0,0,0,0,1,0,1,0
9983,4.0,1997.7,1,1598.0,0.16,27.48,4,4,2013,10,0.0,0.0,100.0,0.0,0,0,0,0,0,0,0,1,1,0,0
10011,4.0,1999.7,1,1137.0,0.114,31.37,4,4,2013,10,0.0,0.0,100.0,0.0,0,0,0,0,0,0,0,1,1,0,0
10011,4.1,2001.0,1,3584.0,0.358,12.5,4,4,2014,10,0.0,0.0,100.0,0.0,0,0,0,0,0,0,0,1,0,1,0
9942,4.0,2002.9,1,1456.0,0.146,29.11,4,4,2014,10,0.0,0.0,100.0,0.0,0,0,0,0,0,0,0,1,1,0,0
10046,3.9,2000.1,1,1360.0,0.135,35.44,4,4,2014,10,0.0,0.0,100.0,0.0,0,0,0,0,0,0,0,1,1,0,0
10048,4.1,2002.2,1,6933.0,0.69,6.76,4,4,2015,10,0.0,0.0,100.0,0.0,0,0,0,0,0,0,0,1,0,0,1
10086,4.2,1999.1,1,3331.0,0.33,6.33,3,4,2015,10,0.0,0.0,100.0,0.0,0,0,0,0,0,0,0,1,0,1,0
9828,3.9,1998.6,1,3432.0,0.349,9.19,4,4,2015,10,0.0,0.0,100.0,0.0,0,0,0,0,0,0,0,1,0,1,0
9958,4.0,2001.7,1,1399.0,0.14,31.9,4,4,2015,10,0.0,0.0,100.0,0.0,0,0,0,0,0,0,0,1,1,0,0
10112,4.2,1999.4,1,1215.0,0.12,33.08,4,4,2015,10,0.0,0.0,100.0,0.0,0,0,0,0,0,0,0,1,1,0,0
10186,4.1,2001.6,1,6579.0,0.646,6.81,4,4,2016,10,0.0,0.0,100.0,0.0,0,0,0,0,0,0,0,1,0,0,1
9943,4.1,2000.7,1,3213.0,0.323,10.49,4,4,2016,10,0.0,0.0,100.0,0.0,0,0,0,0,0,0,0,1,0,1,0
9951,4.0,1998.3,1,3274.0,0.329,9.41,4,4,2016,10,0.0,0.0,100.0,0.0,0,0,0,0,0,0,0,1,0,1,0
10127,4.2,1998.2,1,1197.0,0.118,34.07,4,4,2016,10,0.0,0.0,100.0,0.0,0,0,0,0,0,0,0,1,1,0,0
10059,4.1,1999.8,1,1303.0,0.13,29.52,4,4,2016,10,0.0,0.0,100.0,0.0,0,0,0,0,0,0,0,1,1,0,0
9996,3.9,1998.8,1,6819.0,0.682,7.45,4,4,2017,10,0.0,0.0,100.0,0.0,0,0,0,0,0,0,0,1,0,0,1
9837,3.9,1999.5,1,3021.0,0.307,10.93,4,4,2017,10,0.0,0.0,100.0,0.0,0,0,0,0,0,0,0,1,0,1,0
10034,4.1,2003.5,1,3444.0,0.343,9.7,4,4,2017,10,0.0,0.0,100.0,0.0,0,0,0,0,0,0,0,1,0,1,0
10150,3.8,2000.5,1,1131.0,0.111,31.92,4,4,2017,10,0.0,0.0,100.0,0.0,0,0,0,0,0,0,0,1,1,0,0
10023,3.9,1996.0,1,933.0,0.093,29.84,4,4,2017,10,0.0,0.0,100.0,0.0,0,0,0,0,0,0,0,1,1,0,0
10083,4.1,1997.3,1,6854.0,0.68,4.82,4,3,2018,10,0.0,0.0,100.0,0.0,0,0,0,0,0,0,0,1,0,0,1
10109,4.0,1998.1,1,3065.0,0.303,10.06,4,4,2018,10,0.0,0.0,100.0,0.0,0,0,0,0,0,0,0,1,0,1,0
10045,3.9,1999.8,1,3632.0,0.362,9.87,4,4,2018,10,0.0,0.0,100.0,0.0,0,0,0,0,0,0,0,1,0,1,0
10032,4.1,1998.0,1,1424.0,0.142,29.49,4,3,2018,10,0.0,0.0,100.0,0.0,0,0,0,0,0,0,0,1,1,0,0
9925,4.3,1999.6,1,1498.0,0.151,30.24,4,4,2018,10,0.0,0.0,100.0,0.0,0,0,0,0,0,0,0,1,1,0,0
9817,4.1,1998.7,1,6450.0,0.657,5.79,4,4,2019,10,0.0,0.0,100.0,0.0,0,0,0,0,0,0,0,1,0,0,1
10169,4.1,2000.0,1,3563.0,0.35,8.34,4,4,2019,10,0.0,0.0,100.0,0.0,0,0,0,0,0,0,0,1,0,1,0
10107,4.0,1997.5,1,3526.0,0.349,8.96,4,4,2019,10,0.0,0.0,100.0,0.0,0,0,0,0,0,0,0,1,0,1,0
10062,3.9,2001.8,1,1118.0,0.111,36.78,4,4,2019,10,0.0,0.0,100.0,0.0,0,0,0,0,0,0,0,1,1,0,0
10098,3.8,2001.7,1,1483.0,0.147,30.02,4,4,2019,10,0.0,0.0,100.0,0.0,0,0,0,0,0,0,0,1,1,0,0
9867,4.0,2004.3,1,1343.0,0.136,21.3,3,3,2019,10,0.0,0.0,100.0,0.0,0,0,0,0,0,0,0,1,1,0,0
9882,4.0,1997.1,1,6758.0,0.684,6.1,3,4,2020,10,0.0,0.0,100.0,0.0,0,0,0,0,0,0,0,1,0,0,1
10143,3.9,2001.6,1,3768.0,0.371,13.44,4,3,2020,10,0.0,0.0,100.0,0.0,0,0,0,0,0,0,0,1,0,1,0
9920,4.1,1999.6,1,3639.0,0.367,11.75,4,3,2020,10,0.0,0.0,100.0,0.0,0,0,0,0,0,0,0,1,0,1,0
9855,4.0,2002.6,1,1156.0,0.117,36.25,4,4,2020,10,0.0,0.0,100.0,0.0,0,0,0,0,0,0,0,1,1,0,0
10152,4.1,2000.3,1,874.0,0.086,24.79,4,4,2020,10,0.0,0.0,100.0,0.0,0,0,0,0,0,0,0,1,1,0,0
9922,4.1,1997.1,1,1380.0,0.139,32.43,4,4,2020,10,0.0,0.0,100.0,0.0,0,0,0,0,0,0,0,1,1,0,0
9956,4.0,2000.8,1,1482.0,0.149,29.79,4,4,2020,10,0.0,0.0,100.0,0.0,0,0,0,0,0,0,0,1,1,0,0
9867,3.9,2006.9,1,7103.0,0.72,5.32,4,4,2021,10,0.0,0.0,100.0,0.0,0,0,0,0,0,0,0,1,0,0,1
9985,4.1,2001.0,1,3567.0,0.357,9.86,4,4,2021,10,0.0,0.0,100.0,0.0,0,0,0,0,0,0,0,1,0,1,0
10072,4.0,2001.3,1,3500.0,0.347,8.23,4,3,2021,10,0.0,0.0,100.0,0.0,0,0,0,0,0,0,0,1,0,1,0
9958,4.2,1999.6,1,3299.0,0.331,9.72,4,4,2021,10,0.0,0.0,100.0,0.0,0,0,0,0,0,0,0,1,0,1,0
10111,4.0,2002.4,1,677.0,0.067,29.98,4,4,2021,10,0.0,0.0,100.0,0.0,0,0,0,0,0,0,0,1,1,0,0
9954,4.0,1997.2,1,1027.0,0.103,34.56,4,4,2021,10,0.0,0.0,100.0,0.0,0,0,0,0,0,0,0,1,1,0,0
10015,4.0,1999.0,1,1365.0,0.136,37.35,4,4,2021,10,0.0,0.0,100.0,0.0,0,0,0,0,0,0,0,1,1,0,0
10039,3.8,1997.2,1,1248.0,0.124,29.4,3,4,2021,10,0.0,0.0,100.0,0.0,0,0,0,0,0,0,0,1,1,0,0
9861,3.9,2002.0,1,6589.0,0.668,4.59,4,4,2022,10,0.0,0.0,100.0,0.0,0,0,0,0,0,0,0,1,0,0,1
9878,3.9,2003.0,1,6717.0,0.68,5.61,3,4,2022,10,0.0,0.0,100.0,0.0,0,0,0,0,0,0,0,1,0,0,1
9863,3.9,1999.1,1,3065.0,0.311,12.35,4,4,2022,10,0.0,0.0,100.0,0.0,0,0,0,0,0,0,0,1,0,1,0
9985,4.0,2001.4,1,3199.0,0.32,14.3,3,4,2022,10,0.0,0.0,100.0,0.0,0,0,0,0,0,0,0,1,0,1,0
10031,4.1,2001.5,1,3488.0,0.348,9.81,4,4,2022,10,0.0,0.0,100.0,0.0,0,0,0,0,0,0,0,1,0,1,0
10178,3.9,2001.5,1,1308.0,0.129,28.86,4,4,2022,10,0.0,0.0,100.0,0.0,0,0,0,0,0,0,0,1,1,0,0
9977,4.1,2002.5,1,1642.0,0.165,32.42,4,3,2022,10,0.0,0.0,100.0,0.0,0,0,0,0,0,0,0,1,1,0,0
9855,4.1,1999.7,1,1165.0,0.118,33.51,4,4,2022,10,0.0,0.0,100.0,0.0,0,0,0,0,0,0,0,1,1,0,0
10069,4.1,2002.0,1,1020.0,0.101,26.43,4,3,2022,10,0.0,0.0,100.0,0.0,0,0,0,0,0,0,0,1,1,0,0
10058,3.9,1998.6,1,921.0,0.092,29.21,4,3,2022,10,0.0,0.0,100.0,0.0,0,0,0,0,0,0,0,1,1,0,0
