LotNo,PommesTraitesKg,TempsPressageHeure,EauLavage,PressionMaxPressagePsi,EtatFermenteur,Produit,ProductionLitre,RendementLitrePerKg,CoutDollarPerLitre,Couleur,Intensite,LotNo:1,Fournisseur,Annees,PoidsNominalTonne,PctMcIntosh,PctSpartan,PctEmpire,PctCortland
2012A1001,99995,3.9,,2000.5,OK,Cidre tranquille,59969,0.6,4.04,Très faible,Très forte,2012A1001,A,2012,100,93.8,6.2,0,0
2012A1005,99949,3.9,20,2000.1,OK,Cidre pétillant,28593,0.286,12.32,Très faible,Très forte,2012A1005,A,2012,100,83.9,16.1,0,0
2012A1013,100043,4,28,1998.6,OK,Cidre pétillant,29433,0.294,11.93,Faible,Très forte,2012A1013,A,2012,100,89.7,10.3,0,0
2012A1018,99884,3.8,26,1995.9,OK,Cidre de glace,12198,,26.86,Très faible,Très forte,2012A1018,A,2012,100,91.5,8.5,0,0
2012A1026,100013,4.1,,1996.4,OK,Cidre de glace,11620,0.116,27.39,Très faible,Très forte,2012A1026,A,2012,100,83.6,16.4,0,0
2013A1001,99930,,,1996.8,OK,Cidre tranquille,58130,0.582,5.86,Faible,Très forte,2013A1001,A,2013,100,84.2,15.8,0,0
2013A1007,99969,4,28,2000.8,OK,Cidre pétillant,30525,0.305,10.19,Absente,Très forte,2013A1007,A,2013,100,85.1,14.9,0,0
2013A1015,100058,3.9,28,1998.8,OK,Cidre pétillant,29455,0.294,13.12,Faible,Très forte,2013A1015,A,2013,100,95.4,4.6,0,0
2013A1019,99980,3.8,25,1999.1,OK,Cidre de glace,11357,0.114,29.36,Absente,Très forte,2013A1019,A,2013,100,89.6,10.4,0,0
2013A1027,99917,4.1,,2001.8,OK,Cidre de glace,8998,0.09,39.56,Très faible,Très forte,2013A1027,A,2013,100,90.3,9.7,0,0
2013A1035,100007,4.1,,2000.5,OK,Cidre de glace,8371,0.084,32.69,Très faible,Très forte,2013A1035,A,2013,100,95.9,4.1,0,0
2014A1001,100042,3.8,23,2000.4,OK,Cidre tranquille,57909,0.579,6.21,Très faible,Très forte,2014A1001,A,2014,100,93.4,6.6,0,0
2014A1007,100048,4.1,29,2001.3,OK,Cidre pétillant,26585,0.266,12.15,Faible,Forte,2014A1007,A,2014,100,94.4,5.6,0,0
2014A1015,99954,4,,1998.8,OK,Cidre pétillant,27842,0.279,11.53,Très faible,Forte,2014A1015,A,2014,100,89.3,10.7,0,0
2014A1019,100024,4,,1999.6,OK,Cidre de glace,11952,0.119,33.58,Absente,Très forte,2014A1019,A,2014,100,90.4,9.6,0,0
2014A1027,100159,3.9,21,1999.1,OK,Cidre de glace,10891,0.109,28.47,Très faible,Très forte,2014A1027,A,2014,100,93.7,6.3,0,0
2014A1035,99968,4.1,,1998.5,OK,Cidre de glace,11483,0.115,32.19,Absente,Très forte,2014A1035,A,2014,100,89.4,10.6,0,0
2015A1001,99999,3.8,27,1998.7,OK,Cidre tranquille,57565,0.576,8.13,Faible,Forte,2015A1001,A,2015,100,89.4,10.6,0,0
2015A1009,100066,4,30,1999.9,OK,Cidre pétillant,30042,0.3,9.43,Très faible,Forte,2015A1009,A,2015,100,93.5,6.5,0,0
2015A1017,100011,3.9,22,1999.0,OK,Cidre pétillant,27484,0.275,6.78,Très faible,Très forte,2015A1017,A,2015,100,83.4,16.6,0,0
2015A1026,100027,3.9,29,2001.7,OK,Cidre de glace,14065,0.141,24.14,Très faible,Très forte,2015A1026,A,2015,100,93.8,6.2,0,0
2015A1034,99989,4.1,29,1996.8,OK,Cidre de glace,10480,0.105,33.81,Très faible,Très forte,2015A1034,A,2015,100,95.7,4.3,0,0
2015A1042,100102,3.9,26,1999.9,OK,Cidre de glace,12723,0.127,22.24,Absente,Forte,2015A1042,A,2015,100,87.3,12.7,0,0
2016A1001,100002,4,,2000.1,OK,Cidre tranquille,57254,0.573,5.86,Très faible,Très forte,2016A1001,A,2016,100,90.4,9.6,0,0
2016A1009,99941,4,21,1999.0,OK,Cidre pétillant,25866,0.259,10.02,Très faible,Forte,2016A1009,A,2016,100,86.9,13.1,0,0
2016A1017,100008,4,,2000.4,OK,Cidre pétillant,27434,0.274,8.39,Très faible,Très forte,2016A1017,A,2016,100,89.1,10.9,0,0
2016A1026,100042,4.1,,2000.2,OK,Cidre de glace,11606,0.116,33.93,Très faible,Très forte,2016A1026,A,2016,100,98.7,1.3,0,0
2016A1034,99906,3.9,27,1996.7,OK,Cidre de glace,12019,0.12,31.35,Très faible,Très forte,2016A1034,A,2016,100,86.3,13.7,0,0
2016A1042,100040,3.9,25,1996.4,OK,Cidre de glace,11012,0.11,22.97,Très faible,Très forte,2016A1042,A,2016,100,86.9,13.1,0,0
2017A1001,100142,4,,1996.1,OK,Cidre tranquille,55883,0.558,5.95,Très faible,Très forte,2017A1001,A,2017,100,87.2,12.8,0,0
2017A1010,99905,4.1,22,1999.8,OK,Cidre pétillant,28899,0.289,11.87,Très faible,Très forte,2017A1010,A,2017,100,87.8,12.2,0,0
2017A1018,100061,4.1,,2000.1,OK,Cidre pétillant,26676,0.267,9.25,Très faible,Forte,2017A1018,A,2017,100,94.7,15.3,0,0
2017A1030,99812,4,,1999.9,OK,Cidre de glace,13293,0.133,33.05,Très faible,Très forte,2017A1030,A,2017,100,87.6,12.4,0,0
2017A1038,99984,4.1,,1998.6,OK,Cidre de glace,10457,0.105,26.6,Très faible,Très forte,2017A1038,A,2017,100,97.9,2.1,0,0
2017A1046,99973,4,22,2000.7,OK,Cidre de glace,10491,0.105,31.8,Faible,Très forte,2017A1046,A,2017,100,86.1,13.9,0,0
2018A1001,99778,4.1,,1995.2,OK,Cidre tranquille,58212,0.583,5.32,Absente,Forte,2018A1001,A,2018,100,94.8,5.2,0,0
2018A1010,100133,4.4,27,1998.6,OK,Cidre pétillant,32061,0.32,12.04,Très faible,Très forte,2018A1010,A,2018,100,95.0,5.0,0,0
2018A1018,99983,4,25,2000.5,OK,Cidre pétillant,26579,0.266,7.13,Très faible,Très forte,2018A1018,A,2018,100,92.5,7.5,0,0
2018A1030,99938,4.1,25,1997.1,OK,Cidre de glace,11726,0.117,31.36,Absente,Forte,2018A1030,A,2018,100,89.1,10.9,0,0
2018A1038,100235,4,,2000.6,OK,Cidre de glace,10074,0.101,30.44,Très faible,Très forte,2018A1038,A,2018,100,75.3,24.7,0,0
2018A1046,99960,3.9,,2000.8,OK,Cidre de glace,12042,0.12,34.52,Très faible,Très forte,2018A1046,A,2018,100,99.2,0.8,0,0
2019A1001,99938,3.9,,2001.4,OK,Cidre tranquille,57416,0.575,4.95,Très faible,Très forte,2019A1001,A,2019,100,88.0,12.0,0,0
2019A1012,99816,4,21,1998.7,OK,Cidre pétillant,30032,0.301,11.25,Très faible,Très forte,2019A1012,A,2019,100,91.4,8.6,0,0
2019A1020,99988,3.9,26,2004.9,OK,Cidre pétillant,31859,0.319,11.06,Très faible,Très forte,2019A1020,A,2019,100,89.1,10.9,0,0
2019A1034,99960,4,28,1999.1,OK,Cidre de glace,9986,0.1,28.68,Très faible,Très forte,2019A1034,A,2019,100,90.0,10.0,0,0
2019A1042,99898,4.2,23,1998.7,OK,Cidre de glace,11637,0.116,26.06,Absente,Très forte,2019A1042,A,2019,100,90.4,9.6,0,0
2019A1050,100053,3.9,28,1999.4,OK,Cidre de glace,7871,0.079,23.62,Absente,Très forte,2019A1050,A,2019,100,84.6,15.4,0,0
2019A1058,99916,4.1,,1995.5,OK,Cidre de glace,14245,0.143,33.14,Absente,Forte,2019A1058,A,2019,100,85.1,14.9,0,0
2020A1015,100097,4,,1999.7,OK,Cidre pétillant,29565,0.295,11.81,Faible,Très forte,2020A1015,A,2020,100,78.6,21.4,0,0
2020A1023,100059,,,1997.5,OK,Cidre pétillant,29657,0.296,9.91,Très faible,Très forte,2020A1023,A,2020,100,90.7,9.3,0,0
2020A1031,100076,3.9,,1999.5,OK,Cidre pétillant,30020,0.3,12.4,Très faible,Très forte,2020A1031,A,2020,100,90.2,9.8,0,0
2020A1036,99987,4,,2000.4,OK,Cidre de glace,11412,0.114,31.47,Très faible,Très forte,2020A1036,A,2020,100,97.2,2.8,0,0
2020A1044,99904,4.1,,2000.2,OK,Cidre de glace,9336,0.093,33.13,Très faible,Très forte,2020A1044,A,2020,100,92.0,8.0,0,0
2020A1052,99935,4,,2000.0,OK,Cidre de glace,9536,0.095,26.58,Très faible,Très forte,2020A1052,A,2020,100,93.5,6.5,0,0
2020A1060,99865,3.9,,1996.4,OK,Cidre de glace,11014,0.11,31.39,Très faible,Très forte,2020A1060,A,2020,100,87.4,12.6,0,0
2021A1001,100108,4,24,1997.1,OK,Cidre tranquille,59802,0.597,5.55,Très faible,Très forte,2021A1001,A,2021,100,89.1,10.9,0,0
2021A1014,100034,3.9,24,2001.7,OK,Cidre pétillant,29301,0.293,9.17,Faible,Très forte,2021A1014,A,2021,100,91.1,8.9,0,0
2021A1022,99886,4,24,1996.4,OK,Cidre pétillant,29575,0.296,7.98,Très faible,Forte,2021A1022,A,2021,100,95.2,4.8,0,0
2021A1030,99848,3.9,24,1999.6,OK,Cidre pétillant,25999,0.26,8.46,Absente,Forte,2021A1030,A,2021,100,100.0,0.0,0,0
2021A1040,100022,3.9,,2001.2,OK,Cidre de glace,10082,0.101,29.89,Très faible,Très forte,2021A1040,A,2021,100,87.1,12.9,0,0
2021A1048,99929,3.9,,1997.3,OK,Cidre de glace,12474,0.125,26.7,Très faible,Très forte,2021A1048,A,2021,100,90.0,10.0,0,0
2021A1056,99910,4,,1999.4,OK,Cidre de glace,9238,0.092,31.77,Faible,Très forte,2021A1056,A,2021,100,88.4,11.6,0,0
2021A1064,99882,4.1,,2001.9,OK,Cidre de glace,10709,0.107,30.57,Faible,Très forte,2021A1064,A,2021,100,87.3,12.7,0,0
2022A1001,100052,3.9,29,2000.7,OK,Cidre tranquille,57686,0.577,6.05,Très faible,Très forte,2022A1001,A,2022,100,85.5,14.5,0,0
2022A1017,99951,3.9,29,2000.6,OK,Cidre pétillant,28083,0.281,9.01,Très faible,Forte,2022A1017,A,2022,100,89.1,10.9,0,0
2022A1025,99917,4.1,,1999.0,OK,Cidre pétillant,29797,0.298,10.69,Très faible,Forte,2022A1025,A,2022,100,88.7,11.3,0,0
2022A1033,100153,3.9,,2001.7,OK,Cidre pétillant,31705,0.317,9.14,Absente,Forte,2022A1033,A,2022,100,85.0,15.0,0,0
2022A1041,99993,4,28,1999.8,OK,Cidre pétillant,27044,0.27,13.62,Absente,Très forte,2022A1041,A,2022,100,88.9,11.1,0,0
2022A1043,100034,4,,1997.9,OK,Cidre de glace,6935,0.069,27.74,Très faible,Très forte,2022A1043,A,2022,100,91.2,8.8,0,0
2022A1051,100015,3.9,,1998.0,OK,Cidre de glace,12189,0.122,38.41,Absente,Très forte,2022A1051,A,2022,100,83.2,16.8,0,0
2022A1059,100011,4,,2002.2,OK,Cidre de glace,11692,0.117,30.04,Très faible,Très forte,2022A1059,A,2022,100,85.3,14.7,0,0
2022A1067,99992,4.1,,2000.9,OK,Cidre de glace,11273,0.113,25.98,Très faible,Très forte,2022A1067,A,2022,100,95.3,4.7,0,0
2022A1075,99837,4.1,,1999.3,OK,Cidre de glace,10920,0.109,32.03,Très faible,Forte,2022A1075,A,2022,100,92.6,7.4,0,0
2012B1002,49961,4.2,,2002.4,OK,Cidre tranquille,26054,0.521,6.92,Très forte,Moyenne,2012B1002,B,2012,50,12.9,87.1,0,0
2012B1006,49941,4,26,2000.0,OK,Cidre pétillant,13388,0.268,7.91,Très forte,Forte,2012B1006,B,2012,50,18.3,81.7,0,0
2012B1019,49978,4,,2000.6,OK,Cidre de glace,3905,0.078,35.3,Très forte,Forte,2012B1019,B,2012,50,12.2,87.8,0,0
2012B1027,50013,4,,1998.1,OK,Cidre de glace,5887,0.118,28.27,Très forte,Moyenne,2012B1027,B,2012,50,9.3,90.7,0,0
2012B1034,50120,4.1,28,2001.4,OK,Cidre de glace,4902,0.098,26.05,Très forte,Moyenne,2012B1034,B,2012,50,3.3,96.7,0,0
2013B1002,50168,3.9,,1998.4,OK,Cidre tranquille,24276,0.484,5.58,Très forte,Faible,2013B1002,B,2013,50,3.2,96.8,0,0
2013B1008,50042,4,25,2001.0,OK,Cidre pétillant,13666,0.273,10.42,Très forte,Moyenne,2013B1008,B,2013,50,16.8,83.2,0,0
2013B1016,50064,4,25,2000.5,OK,Cidre pétillant,13041,0.26,5.83,Forte,Forte,2013B1016,B,2013,50,14.9,85.1,0,0
2013B1020,50066,3.9,24,1998.3,OK,Cidre de glace,4820,0.096,27.63,Forte,Moyenne,2013B1020,B,2013,50,17.2,82.8,0,0
2013B1028,50016,3.9,,2003.3,OK,Cidre de glace,4707,0.094,31.61,Très forte,Forte,2013B1028,B,2013,50,9.0,91.0,0,0
2013B1036,49830,3.9,,2002.9,OK,Cidre de glace,,0.058,34.63,Très forte,Moyenne,2013B1036,B,2013,50,3.6,96.4,0,0
2014B1002,50093,3.8,27,1993.6,OK,Cidre tranquille,27343,0.546,5.58,Très forte,Moyenne,2014B1002,B,2014,50,19.5,80.5,0,0
2014B1008,50064,4.1,23,2001.2,OK,Cidre pétillant,13230,0.264,12.3,Très forte,Moyenne,2014B1008,B,2014,50,18.3,81.7,0,0
2014B1016,50048,4,24,2000.6,OK,Cidre pétillant,13078,0.261,9.89,Très forte,Faible,2014B1016,B,2014,50,20.0,80.0,0,0
2014B1020,49989,4.1,,2000.3,OK,Cidre de glace,3824,0.076,24.4,Très forte,Moyenne,2014B1020,B,2014,50,0.0,100.0,0,0
2014B1028,50075,4,24,1998.9,OK,Cidre de glace,5307,0.106,29.87,Très forte,Forte,2014B1028,B,2014,50,7.7,92.3,0,0
2014B1036,50039,4,,1999.3,OK,Cidre de glace,5668,0.113,30.29,Très forte,Moyenne,2014B1036,B,2014,50,8.6,91.4,0,0
2015B1002,50169,3.9,22,1999.9,OK,Cidre tranquille,27965,0.557,6.95,Très forte,Forte,2015B1002,B,2015,50,6.9,93.1,0,0
2015B1010,50043,3.8,26,2000.8,OK,Cidre pétillant,12794,0.256,11.74,Très forte,Faible,2015B1010,B,2015,50,16.4,83.6,0,0
2015B1018,50255,3.9,26,2000.5,OK,Cidre pétillant,14637,0.291,9.34,Forte,Moyenne,2015B1018,B,2015,50,5.6,94.4,0,0
2015B1027,49835,3.8,21,2000.3,OK,Cidre de glace,,0.103,29.12,Très forte,Moyenne,2015B1027,B,2015,50,10.5,89.5,0,0
2015B1035,50061,4,22,2003.2,OK,Cidre de glace,3574,0.071,38.41,Très forte,Moyenne,2015B1035,B,2015,50,12.2,87.8,0,0
2015B1043,49908,4.1,24,1998.1,OK,Cidre de glace,5105,0.102,32.68,Très forte,Moyenne,2015B1043,B,2015,50,11.8,88.2,0,0
2016B1002,49854,3.9,,2001.7,OK,Cidre tranquille,25500,0.511,5.74,Forte,Forte,2016B1002,B,2016,50,14.3,85.7,0,0
2016B1010,50057,4.2,20,1999.2,OK,Cidre pétillant,13422,0.268,11.4,Très forte,Moyenne,2016B1010,B,2016,50,8.1,91.9,0,0
2016B1018,50049,3.9,,1997.5,OK,Cidre pétillant,13046,0.261,7.15,Très forte,Forte,2016B1018,B,2016,50,16.5,83.5,0,0
2016B1027,49822,4,,1998.7,OK,Cidre de glace,3791,0.076,31.95,Très forte,Forte,2016B1027,B,2016,50,4.3,95.7,0,0
2016B1035,49942,4,23,2001.2,OK,Cidre de glace,3946,0.079,28.87,Forte,Moyenne,2016B1035,B,2016,50,13.4,86.6,0,0
2016B1043,49985,4.1,29,2004.4,OK,Cidre de glace,5651,0.113,37.74,Très forte,Moyenne,2016B1043,B,2016,50,3.2,96.8,0,0
2017B1002,49816,4,,1997.9,OK,Cidre tranquille,26154,0.525,5.23,Très forte,Faible,2017B1002,B,2017,50,11.3,88.7,0,0
2017B1011,49932,4.1,,2000.5,OK,Cidre pétillant,12837,0.257,8.28,Très forte,Moyenne,2017B1011,B,2017,50,9.4,90.6,0,0
2017B1019,49953,3.9,25,1998.1,OK,Cidre pétillant,13175,0.264,8.55,Très forte,Moyenne,2017B1019,B,2017,50,1.9,98.1,0,0
2017B1031,50046,4,,2000.6,OK,Cidre de glace,3751,0.075,24.75,Forte,Forte,2017B1031,B,2017,50,12.7,87.3,0,0
2017B1039,49950,4,,2003.7,OK,Cidre de glace,5097,0.102,29.34,Très forte,Moyenne,2017B1039,B,2017,50,14.0,86.0,0,0
2017B1047,49968,4,24,2000.6,OK,Cidre de glace,4680,0.094,28.84,Très forte,Moyenne,2017B1047,B,2017,50,16.1,83.9,0,0
2018B1002,50067,4,,1999.9,OK,Cidre tranquille,26114,0.522,3.88,Très forte,Moyenne,2018B1002,B,2018,50,10.9,89.1,0,0
2018B1011,49890,4,27,1998.4,OK,Cidre pétillant,11900,0.239,10.23,Très forte,Forte,2018B1011,B,2018,50,14.0,86.0,0,0
2018B1019,49927,3.8,26,2001.4,OK,Cidre pétillant,13553,0.271,12.16,Très forte,Forte,2018B1019,B,2018,50,13.2,86.8,0,0
2018B1031,50203,4.1,24,2002.9,OK,Cidre de glace,3955,0.079,34.84,Très forte,Forte,2018B1031,B,2018,50,2.6,97.4,0,0
2018B1039,49827,3.9,29,2002.7,OK,Cidre de glace,4083,0.082,25.66,Très forte,Forte,2018B1039,B,2018,50,7.3,92.7,0,0
2018B1047,50097,4,,1998.7,OK,Cidre de glace,2896,0.058,29.22,Très forte,Moyenne,2018B1047,B,2018,50,10.4,89.6,0,0
2019B1008,49874,4,24,2001.5,OK,Cidre tranquille,25845,0.518,7.3,Très forte,Faible,2019B1008,B,2019,50,21.2,78.8,0,0
2019B1013,49879,3.9,26,2000.0,OK,Cidre pétillant,13219,0.265,10.92,Très forte,Moyenne,2019B1013,B,2019,50,11.3,88.7,0,0
2019B1021,49891,3.7,29,1996.4,OK,Cidre pétillant,14639,0.293,12.42,Très forte,Moyenne,2019B1021,B,2019,50,0.0,100.0,0,0
2019B1035,50065,4,27,2000.7,OK,Cidre de glace,3165,0.063,32.09,Très forte,Moyenne,2019B1035,B,2019,50,4.4,95.6,0,0
2019B1043,50040,3.9,,2000.6,OK,Cidre de glace,3656,0.073,36.8,Très forte,Faible,2019B1043,B,2019,50,8.1,91.9,0,0
2019B1051,50062,4,25,1996.1,OK,Cidre de glace,4665,0.093,28.73,Très forte,Moyenne,2019B1051,B,2019,50,0.0,100.0,0,0
2020B1001,50001,3.9,,1995.2,OK,Cidre tranquille,25829,0.517,5.88,Très forte,Forte,2020B1001,B,2020,50,11.9,88.1,0,0
2020B1008,49947,4.1,21,1997.0,OK,Cidre tranquille,25073,0.502,3.38,Très forte,Moyenne,2020B1008,B,2020,50,8.8,91.2,0,0
2020B1013,50148,3.9,,1998.5,OK,Cidre tranquille,25292,0.504,7.67,Très forte,Moyenne,2020B1013,B,2020,50,18.2,81.8,0,0
2020B1016,50047,3.9,,1997.9,OK,Cidre pétillant,12306,0.246,11.22,Très forte,Moyenne,2020B1016,B,2020,50,25.6,74.4,0,0
2020B1024,50048,4.1,,2000.5,OK,Cidre pétillant,11925,0.238,10.97,Très forte,Faible,2020B1024,B,2020,50,7.0,93.0,0,0
2020B1032,49939,4.1,,2001.8,OK,Cidre pétillant,12361,0.248,9.93,Forte,Moyenne,2020B1032,B,2020,50,16.4,83.6,0,0
2020B1037,49969,4,,2001.9,OK,Cidre de glace,5211,0.104,32.03,Très forte,Moyenne,2020B1037,B,2020,50,3.5,96.5,0,0
2020B1045,49996,3.8,,1998.1,OK,Cidre de glace,3198,0.064,30.14,Très forte,Moyenne,2020B1045,B,2020,50,12.3,87.7,0,0
2020B1053,49841,4,,2000.1,OK,Cidre de glace,5514,0.111,27.3,Très forte,Forte,2020B1053,B,2020,50,12.6,87.4,0,0
2020B1061,50138,4.1,,2002.0,OK,Cidre de glace,3877,0.077,35.6,Très forte,Moyenne,2020B1061,B,2020,50,11.7,88.3,0,0
2021B1002,50110,3.9,,1998.4,OK,Cidre tranquille,25934,0.518,5.51,Forte,Moyenne,2021B1002,B,2021,50,14.6,85.4,0,0
2021B1009,50004,3.9,29,2001.3,OK,Cidre tranquille,27796,0.556,7.74,Très forte,Moyenne,2021B1009,B,2021,50,18.2,81.8,0,0
2021B1015,49964,4.1,27,2003.5,OK,Cidre pétillant,11973,0.24,13.02,Forte,Moyenne,2021B1015,B,2021,50,8.9,91.1,0,0
2021B1023,49915,4.1,20,2001.8,OK,Cidre pétillant,14178,0.284,9.17,Très forte,Moyenne,2021B1023,B,2021,50,3.4,96.6,0,0
2021B1031,49978,3.9,28,2000.4,OK,Cidre pétillant,14083,0.282,10.1,Très forte,Moyenne,2021B1031,B,2021,50,0.4,99.6,0,0
2021B1041,49936,4.1,,1999.2,OK,Cidre de glace,3869,0.077,23.01,Très forte,Faible,2021B1041,B,2021,50,11.8,88.2,0,0
2021B1049,49795,4,,1998.6,OK,Cidre de glace,4282,0.086,34.18,Très forte,Moyenne,2021B1049,B,2021,50,5.7,94.3,0,0
2021B1057,50124,4.1,,2000.4,OK,Cidre de glace,3466,0.069,32.8,Très forte,Moyenne,2021B1057,B,2021,50,2.5,97.5,0,0
2021B1065,50021,4.1,,2001.9,OK,Cidre de glace,4829,0.097,29.8,Très forte,Moyenne,2021B1065,B,2021,50,17.9,82.1,0,0
2022B1002,49976,4.1,27,2003.1,OK,Cidre tranquille,27478,0.55,,Très forte,Moyenne,2022B1002,B,2022,50,13.2,86.8,0,0
2022B1009,50167,3.9,,1997.5,OK,Cidre tranquille,25965,0.518,6.42,Très forte,Moyenne,2022B1009,B,2022,50,9.8,90.2,0,0
2022B1016,49980,3.9,,1999.1,OK,Cidre tranquille,27012,0.54,3.76,Très forte,Faible,2022B1016,B,2022,50,5.6,94.4,0,0
2022B1018,50124,3.7,27,1999.5,OK,Cidre pétillant,14126,0.282,7.3,Très forte,Moyenne,2022B1018,B,2022,50,9.9,90.1,0,0
2022B1026,50001,3.9,,1999.9,OK,Cidre pétillant,13814,0.276,8.26,Très forte,Forte,2022B1026,B,2022,50,9.4,90.6,0,0
2022B1034,50127,4.1,,1998.4,OK,Cidre pétillant,12211,0.244,13.2,Très forte,Moyenne,2022B1034,B,2022,50,16.1,83.9,0,0
2022B1042,50175,4.2,26,1999.1,OK,Cidre pétillant,12013,0.239,7.85,Très forte,Moyenne,2022B1042,B,2022,50,14.9,85.1,0,0
2022B1044,50011,4,,1999.7,OK,Cidre de glace,4151,0.083,26.92,Très forte,Faible,2022B1044,B,2022,50,4.7,95.3,0,0
2022B1052,50149,4.1,22,2000.8,OK,Cidre de glace,5036,0.1,32.23,Très forte,Faible,2022B1052,B,2022,50,10.5,89.5,0,0
2022B1060,49977,4.1,,2000.7,OK,Cidre de glace,5442,0.109,27.27,Très forte,Très faible,2022B1060,B,2022,50,2.2,97.8,0,0
2022B1068,50187,4,,1996.8,OK,Cidre de glace,4481,0.089,24.06,Très forte,Moyenne,2022B1068,B,2022,50,6.5,93.5,0,0
2022B1076,50014,3.9,,1999.7,OK,Cidre de glace,2495,0.05,30.91,Très forte,Moyenne,2022B1076,B,2022,50,11.2,88.8,0,0
2012C1003,29955,4.2,,2002.6,OK,Cidre tranquille,21339,0.712,8.64,Très forte,Très forte,2012C1003,C,2012,30,0.0,7.1,92.9,0
2012C1007,30074,4.1,29,2004.5,OK,Cidre pétillant,9891,0.329,7.87,Forte,Très forte,2012C1007,C,2012,30,0.0,24.2,75.8,0
2012C1020,30025,3.8,,2001.9,OK,Cidre de glace,4080,0.136,27.34,Très forte,Très forte,2012C1020,C,2012,30,0.0,5.6,94.4,0
2012C1028,30057,4,,2000.8,OK,Cidre de glace,2995,0.1,27.3,Très forte,Très forte,2012C1028,C,2012,30,0.0,14.7,85.3,0
2013C1003,29910,3.9,,2005.2,OK,Cidre tranquille,19691,0.658,4.59,Très forte,Très forte,2013C1003,C,2013,30,0.0,11.5,88.5,0
2013C1009,30026,4.1,21,2001.2,OK,Cidre pétillant,10626,0.354,10.92,Très forte,Forte,2013C1009,C,2013,30,0.0,9.0,91,0
2013C1017,29907,4,27,1997.9,OK,Cidre pétillant,10324,0.345,11.39,Très forte,Très forte,2013C1017,C,2013,30,0.0,0.0,100,0
2013C1021,29984,4.2,,2000.9,OK,Cidre de glace,3575,0.119,24.31,Très forte,Très forte,2013C1021,C,2013,30,0.0,12.2,87.8,0
2013C1029,29922,3.8,,1996.8,OK,Cidre de glace,2385,0.08,34.35,Très forte,Forte,2013C1029,C,2013,30,0.0,5.1,94.9,0
2014C1003,29903,4.1,24,1999.0,OK,Cidre tranquille,18983,0.635,6.08,Très forte,Forte,2014C1003,C,2014,30,0.0,13.0,87,0
2014C1009,30059,4.1,25,2003.9,OK,Cidre pétillant,8617,0.287,8.5,Très forte,Forte,2014C1009,C,2014,30,0.0,12.2,87.8,0
2014C1017,30132,4,20,1999.1,OK,Cidre pétillant,9563,0.317,9.98,Forte,Très forte,2014C1017,C,2014,30,0.0,5.2,94.8,0
2014C1021,30036,4,,1996.8,OK,Cidre de glace,3466,0.115,26.46,Très forte,Très forte,2014C1021,C,2014,30,0.0,8.4,91.6,0
2014C1029,29884,3.9,23,1996.1,OK,Cidre de glace,3116,0.104,23.25,Très forte,Très forte,2014C1029,C,2014,30,0.0,4.0,96,0
2015C1003,29899,3.9,21,2001.4,OK,Cidre tranquille,20077,0.671,5.46,Très forte,Très forte,2015C1003,C,2015,30,0.0,16.2,83.8,0
2015C1011,29949,3.8,23,1998.8,OK,Cidre pétillant,9741,0.325,8.3,Très forte,Très forte,2015C1011,C,2015,30,0.0,17.5,82.5,0
2015C1019,30109,4.1,20,1997.6,OK,Cidre pétillant,10892,0.362,9.22,Très forte,Forte,2015C1019,C,2015,30,0.0,10.8,89.2,0
2015C1025,30039,4.2,29,2000.5,OK,Cidre pétillant,9318,0.31,14.76,Très forte,Très forte,2015C1025,C,2015,30,0.0,12.5,87.5,0
2015C1028,30052,4.1,,2001.3,OK,Cidre de glace,3507,0.117,35.44,Très forte,Très forte,2015C1028,C,2015,30,0.0,12.4,87.6,0
2015C1036,30064,4,24,1997.1,OK,Cidre de glace,4012,0.133,30.74,Très forte,Forte,2015C1036,C,2015,30,0.0,1.9,98.1,0
2015C1044,30099,3.8,24,1998.0,OK,Cidre de glace,2148,0.071,33.84,Très forte,Très forte,2015C1044,C,2015,30,0.0,7.3,92.7,0
2016C1003,30071,3.9,,2000.6,OK,Cidre tranquille,19670,0.654,6.29,Très forte,Très forte,2016C1003,C,2016,30,0.0,10.5,89.5,0
2016C1011,30030,4,26,1996.8,OK,Cidre pétillant,10590,0.353,6.53,Très forte,Très forte,2016C1011,C,2016,30,0.0,0.5,99.5,0
2016C1019,29929,3.9,,2000.4,OK,Cidre pétillant,9240,0.309,7.82,Très forte,Forte,2016C1019,C,2016,30,0.0,8.3,91.7,0
2016C1025,30048,3.9,,1998.6,OK,Cidre pétillant,9431,0.314,13.5,Très forte,Très forte,2016C1025,C,2016,30,0.0,0.0,100,0
2016C1028,29916,4,,1999.5,OK,Cidre de glace,3581,0.12,27.1,Très forte,Très forte,2016C1028,C,2016,30,0.0,0.0,97.1,0
2016C1036,29874,4.1,28,2001.8,OK,Cidre de glace,4467,0.15,29.29,Très forte,Très forte,2016C1036,C,2016,30,0.0,12.1,87.9,0
2016C1044,29906,3.9,27,1999.2,OK,Cidre de glace,3746,0.125,25.9,Très forte,Très forte,2016C1044,C,2016,30,0.0,7.4,92.6,0
2017C1003,29995,4,,1999.3,OK,Cidre tranquille,20306,0.677,4.91,Très forte,Très forte,2017C1003,C,2017,30,0.0,7.6,92.4,0
2017C1009,29959,3.9,26,2002.1,OK,Cidre tranquille,20678,0.69,5.63,Forte,Très forte,2017C1009,C,2017,30,0.0,12.2,87.8,0
2017C1012,29823,4.1,,1997.3,OK,Cidre pétillant,10906,0.366,14.33,Très forte,Très forte,2017C1012,C,2017,30,0.0,0.0,100,0
2017C1020,30197,4.1,24,1999.7,OK,Cidre pétillant,10908,0.361,10.5,Forte,Très forte,2017C1020,C,2017,30,0.0,12.9,87.1,0
2017C1026,29938,4,,2000.3,OK,Cidre pétillant,9832,0.328,12.33,Très forte,Très forte,2017C1026,C,2017,30,0.0,10.2,89.8,0
2017C1029,30136,3.9,,1999.7,OK,Cidre pétillant,10576,0.351,6.25,Très forte,Très forte,2017C1029,C,2017,30,0.0,13.4,86.6,0
2017C1032,29944,4.1,,2001.7,OK,Cidre de glace,4453,0.149,31.55,Très forte,Très forte,2017C1032,C,2017,30,0.0,10.1,89.9,0
2017C1040,30098,3.9,,1998.7,OK,Cidre de glace,3170,0.105,22.79,Très forte,Très forte,2017C1040,C,2017,30,0.0,10.6,89.4,0
2017C1048,30146,4.1,26,1999.6,OK,Cidre de glace,4417,0.147,27.78,Très forte,Très forte,2017C1048,C,2017,30,0.0,10.5,89.5,0
2018C1003,29880,3.9,29,2000.3,OK,Cidre tranquille,19806,0.663,5.45,Forte,Très forte,2018C1003,C,2018,30,0.0,10.0,90,0
2018C1009,29969,4.1,,1997.5,OK,Cidre tranquille,18677,0.623,6.39,Très forte,Très forte,2018C1009,C,2018,30,0.0,14.9,85.1,0
2018C1012,30153,4.1,,1997.2,OK,Cidre pétillant,10649,0.353,9.39,Très forte,Très forte,2018C1012,C,2018,30,0.0,13.7,86.3,0
2018C1020,30038,3.8,22,1998.4,OK,Cidre pétillant,9144,0.304,8.85,Forte,Très forte,2018C1020,C,2018,30,0.0,0.0,100,0
2018C1026,30018,4,,2001.6,OK,Cidre pétillant,9778,0.326,13.73,Forte,Très forte,2018C1026,C,2018,30,0.0,12.9,87.1,0
2018C1029,30179,4,21,1999.8,OK,Cidre pétillant,10538,0.349,13.27,Forte,Très forte,2018C1029,C,2018,30,0.0,6.0,94,0
2018C1032,30001,4,27,2001.0,OK,Cidre de glace,3729,0.124,27.11,Très forte,Très forte,2018C1032,C,2018,30,0.0,11.3,88.7,0
2018C1040,30016,4.1,26,2002.2,OK,Cidre de glace,3139,0.105,31.68,Très forte,Très forte,2018C1040,C,2018,30,0.0,8.7,91.3,0
2018C1048,29975,4,,2004.1,OK,Cidre de glace,3977,0.133,25.42,Forte,Forte,2018C1048,C,2018,30,0.0,7.7,92.3,0
2019C1002,30030,3.9,,2001.3,OK,Cidre tranquille,20687,0.689,8.49,Forte,Très forte,2019C1002,C,2019,30,0.0,7.3,92.7,0
2019C1009,29937,3.8,,2002.7,OK,Cidre tranquille,20425,0.682,6.99,Très forte,Très forte,2019C1009,C,2019,30,0.0,2.7,97.3,0
2019C1014,29964,4.1,25,1999.2,OK,Cidre pétillant,10159,0.339,11.88,Très forte,Très forte,2019C1014,C,2019,30,0.0,7.0,93,0
2019C1022,29979,4,,2002.5,OK,Cidre pétillant,11043,0.368,8.91,Très forte,Très forte,2019C1022,C,2019,30,0.0,11.7,88.3,0
2019C1028,29967,3.8,28,2000.4,OK,Cidre pétillant,9556,0.319,13.07,Très forte,Très forte,2019C1028,C,2019,30,0.0,18.0,82,0
2019C1031,29789,3.9,,1999.9,OK,Cidre pétillant,8461,0.284,7.24,Forte,Très forte,2019C1031,C,2019,30,0.0,3.2,96.8,0
2019C1036,30016,4.1,24,1997.5,OK,Cidre de glace,3535,0.118,27.11,Forte,Très forte,2019C1036,C,2019,30,0.0,13.9,86.1,0
2019C1044,30146,3.8,,1999.4,OK,Cidre de glace,4513,0.15,34.33,Forte,Très forte,2019C1044,C,2019,30,0.0,12.0,88,0
2019C1052,30068,4,27,2001.2,OK,Cidre de glace,5000,0.166,27.42,Très forte,Très forte,2019C1052,C,2019,30,0.0,20.5,79.5,0
2020C1002,29979,3.9,,1998.7,OK,Cidre tranquille,19606,0.654,5.77,Très forte,Très forte,2020C1002,C,2020,30,0.0,7.7,92.3,0
2020C1009,29971,3.9,26,2002.3,OK,Cidre tranquille,20351,0.679,6.33,Très forte,Très forte,2020C1009,C,2020,30,0.0,17.5,82.5,0
2020C1014,30070,4,,2001.9,OK,Cidre tranquille,21194,0.705,6.25,Très forte,Très forte,2020C1014,C,2020,30,0.0,17.5,82.5,0
2020C1017,30055,3.9,,1997.9,OK,Cidre pétillant,10221,0.34,10.93,Très forte,Très forte,2020C1017,C,2020,30,0.0,8.8,91.2,0
2020C1025,30103,3.9,27,2003.1,OK,Cidre pétillant,10011,0.333,7.34,Très forte,Très forte,2020C1025,C,2020,30,0.0,13.7,86.3,0
2020C1033,29980,4,,1998.1,OK,Cidre pétillant,10010,0.334,10.79,Forte,Très forte,2020C1033,C,2020,30,0.0,16.6,83.4,0
2020C1038,29816,4.1,26,1999.6,OK,Cidre de glace,3684,0.124,29.51,Très forte,Très forte,2020C1038,C,2020,30,0.0,10.0,90,0
2020C1046,29952,4,,2000.0,OK,Cidre de glace,2920,0.097,30.9,Très forte,Très forte,2020C1046,C,2020,30,0.0,17.4,82.6,0
2020C1054,29870,4.1,26,2002.4,OK,Cidre de glace,2703,0.09,31.49,Très forte,Très forte,2020C1054,C,2020,30,0.0,19.1,80.9,0
2020C1062,29979,3.9,,2001.2,OK,Cidre de glace,3725,0.124,28.47,Très forte,Très forte,2020C1062,C,2020,30,0.0,13.7,86.3,0
2021C1003,29897,4,,1996.0,OK,Cidre tranquille,20246,0.677,6.33,Très forte,Très forte,2021C1003,C,2021,30,0.0,3.0,97,0
2021C1010,29874,3.9,23,2001.1,OK,Cidre tranquille,19136,0.641,5.98,Très forte,Très forte,2021C1010,C,2021,30,0.0,7.8,92.2,0
2021C1016,29878,4.1,24,1998.8,OK,Cidre pétillant,10788,0.361,8.3,Très forte,Forte,2021C1016,C,2021,30,0.0,9.0,91,0
2021C1024,30019,4,29,1995.9,OK,Cidre pétillant,10317,0.344,14.42,Forte,Très forte,2021C1024,C,2021,30,0.0,9.3,90.7,0
2021C1032,29938,4.1,26,1998.7,OK,Cidre pétillant,9854,0.329,8.23,Très forte,Forte,2021C1032,C,2021,30,0.0,15.1,84.9,0
2021C1042,29992,4.2,24,1999.5,OK,Cidre de glace,3741,0.125,29.06,Forte,Forte,2021C1042,C,2021,30,0.0,16.8,83.2,0
2021C1050,30169,4.1,,2001.5,OK,Cidre de glace,3156,0.105,28.39,Très forte,Forte,2021C1050,C,2021,30,0.0,11.0,89,0
2021C1058,29944,3.9,22,1999.5,OK,Cidre de glace,4085,0.136,28.28,Très forte,Très forte,2021C1058,C,2021,30,0.0,2.6,97.4,0
2021C1066,29894,4,,1999.6,OK,Cidre de glace,3808,0.127,26.48,Très forte,Très forte,2021C1066,C,2021,30,0.0,12.5,87.5,0
2022C1003,30036,3.9,,1998.6,OK,Cidre tranquille,19955,0.664,7.36,Forte,Très forte,2022C1003,C,2022,30,0.0,11.1,88.9,0
2022C1010,30081,4,,1998.0,OK,Cidre tranquille,19755,0.657,8.01,Très forte,Très forte,2022C1010,C,2022,30,0.0,11.9,88.1,0
2022C1019,30086,4.2,28,1999.3,OK,Cidre pétillant,9703,0.323,11.27,Très forte,Très forte,2022C1019,C,2022,30,0.0,11.7,88.3,0
2022C1027,30182,3.9,29,2000.6,OK,Cidre pétillant,10076,0.334,11.84,Très forte,Très forte,2022C1027,C,2022,30,0.0,12.4,87.6,0
2022C1035,30024,4,,1998.7,OK,Cidre pétillant,9722,0.324,5.63,Très forte,Très forte,2022C1035,C,2022,30,0.0,5.0,95,0
2022C1045,29940,4.1,,1999.0,OK,Cidre de glace,4205,0.14,26.57,Très forte,Très forte,2022C1045,C,2022,30,0.0,15.5,84.5,0
2022C1053,30087,4,,1997.1,OK,Cidre de glace,3012,0.1,31.48,Forte,Très forte,2022C1053,C,2022,30,0.0,13.1,86.9,0
2022C1061,30046,4,,2004.8,OK,Cidre de glace,3578,0.119,26.46,Très forte,Très forte,2022C1061,C,2022,30,0.0,19.0,81,0
2022C1069,29887,4.1,,1998.1,OK,Cidre de glace,4578,0.153,40.25,Très forte,Très forte,2022C1069,C,2022,30,0.0,11.2,88.8,0
2022C1077,30176,3.9,,2000.5,OK,Cidre de glace,3948,0.131,28.29,Forte,Très forte,2022C1077,C,2022,30,0.0,7.7,92.3,0
2012D1004,20043,3.9,25,2001.9,OK,Cidre tranquille,10802,0.539,6.29,Moyenne,Faible,2012D1004,D,2012,20,15.5,0.0,0,84.5
2012D1008,19833,4,,2001.4,OK,Cidre pétillant,5377,0.271,13.0,Moyenne,Très faible,2012D1008,D,2012,20,2.3,0.0,0,97.7
2012D1014,20084,4,23,2003.2,OK,Cidre pétillant,5203,0.259,12.61,Faible,Très faible,2012D1014,D,2012,20,13.7,0.0,0,86.3
2012D1021,19985,4,,1997.6,OK,Cidre de glace,2298,0.115,32.55,Forte,Très faible,2012D1021,D,2012,20,12.4,0.0,0,87.6
2012D1029,19830,3.9,,1998.9,OK,Cidre de glace,2151,0.108,26.61,Moyenne,Très faible,2012D1029,D,2012,20,12.6,0.0,0,87.4
2013D1004,20122,4.1,21,1999.3,OK,Cidre tranquille,11126,0.553,5.04,Moyenne,Absente,2013D1004,D,2013,20,6.5,0.0,0,93.5
2013D1010,19984,4,,2000.3,OK,Cidre pétillant,5398,0.27,10.82,Moyenne,Très faible,2013D1010,D,2013,20,20.0,0.0,0,80
2013D1018,20049,4.1,29,2001.0,OK,Cidre pétillant,5600,0.279,13.54,Moyenne,Très faible,2013D1018,D,2013,20,11.5,0.0,0,88.5
2013D1022,20092,4,,2000.8,,Cidre de glace,1939,0.097,33.49,Forte,Très faible,2013D1022,D,2013,20,11.0,0.0,0,89
2013D1030,19966,3.9,,2000.3,OK,Cidre de glace,2548,0.128,34.62,Moyenne,Absente,2013D1030,D,2013,20,12.9,0.0,0,87.1
2014D1004,19914,3.9,25,2002.9,OK,Cidre tranquille,10751,0.54,6.57,Moyenne,Très faible,2014D1004,D,2014,20,12.0,0.0,0,88
2014D1010,19966,4.1,24,2002.8,OK,Cidre pétillant,6346,0.318,11.12,Forte,Absente,2014D1010,D,2014,20,17.2,0.0,0,82.8
2014D1018,20171,3.9,,2001.5,OK,Cidre pétillant,5236,0.26,12.33,Forte,Très faible,2014D1018,D,2014,20,2.7,0.0,0,97.3
2014D1022,20067,3.9,,1999.3,OK,Cidre de glace,2036,0.101,32.68,Moyenne,Faible,2014D1022,D,2014,20,5.7,0.0,0,94.3
2014D1030,19940,4,29,2001.3,OK,Cidre de glace,1222,0.061,28.76,Faible,Faible,2014D1030,D,2014,20,11.0,0.0,0,89
2015D1004,19890,4.1,28,2001.3,OK,Cidre tranquille,10779,0.542,6.29,Moyenne,Faible,2015D1004,D,2015,20,15.2,0.0,0,84.8
2015D1012,20127,3.9,,2002.7,OK,Cidre pétillant,5180,0.257,8.78,Moyenne,Très faible,2015D1012,D,2015,20,6.4,0.0,0,93.6
2015D1020,20107,4.1,22,1998.3,OK,Cidre pétillant,5082,0.253,9.12,Moyenne,Très faible,2015D1020,D,2015,20,12.4,0.0,0,87.6
2015D1029,19927,4.1,,1999.8,OK,Cidre de glace,2470,0.124,28.4,Moyenne,Faible,2015D1029,D,2015,20,9.5,0.0,0,90.5
2015D1037,19964,4.1,28,2003.1,OK,Cidre de glace,1288,0.065,21.56,Forte,Très faible,2015D1037,D,2015,20,13.8,0.0,0,86.2
2015D1045,20277,4.1,23,1999.2,OK,Cidre de glace,1991,0.098,28.23,Moyenne,Très faible,2015D1045,D,2015,20,0.2,0.0,0,99.8
2016D1004,20070,3.8,,1999.4,OK,Cidre tranquille,11097,0.553,4.81,Faible,Très faible,2016D1004,D,2016,20,8.7,0.0,0,91.3
2016D1012,19980,4.1,21,1995.5,OK,Cidre pétillant,5919,0.296,5.54,Moyenne,Très faible,2016D1012,D,2016,20,12.7,0.0,0,87.3
2016D1020,19956,3.9,,1996.4,OK,Cidre pétillant,5062,0.254,12.35,Moyenne,Faible,2016D1020,D,2016,20,0.0,0.0,0,100
2016D1029,19919,3.9,,1997.5,OK,Cidre de glace,1976,0.099,25.25,Moyenne,Absente,2016D1029,D,2016,20,11.1,0.0,0,88.9
2016D1037,19912,4,22,2001.1,OK,Cidre de glace,1457,0.073,22.56,Moyenne,Très faible,2016D1037,D,2016,20,15.0,0.0,0,85
2016D1045,20159,4.2,25,2000.2,OK,Cidre de glace,2092,0.104,28.56,Moyenne,Très faible,2016D1045,D,2016,20,12.9,0.0,0,87.1
2017D1004,19866,4,,2002.0,OK,Cidre tranquille,10667,0.537,9.26,Moyenne,Absente,2017D1004,D,2017,20,11.2,0.0,0,88.8
2017D1013,19955,4,,1999.3,OK,Cidre pétillant,4796,0.24,9.18,Forte,Très faible,2017D1013,D,2017,20,9.2,0.0,0,90.8
2017D1021,19956,4.1,30,2000.5,OK,Cidre pétillant,5017,0.251,10.75,Moyenne,Très faible,2017D1021,D,2017,20,7.9,0.0,0,92.1
2017D1027,19831,4.1,,1999.8,OK,Cidre pétillant,5332,0.269,,Moyenne,Très faible,2017D1027,D,2017,20,13.4,0.0,0,86.6
2017D1033,20161,4.1,,2003.9,OK,Cidre de glace,2206,0.109,37.27,Moyenne,Très faible,2017D1033,D,2017,20,14.0,0.0,0,86
2017D1041,20031,4,,2000.6,OK,Cidre de glace,1555,0.078,27.01,Moyenne,Très faible,2017D1041,D,2017,20,7.7,0.0,0,92.3
2017D1049,20049,3.9,,2001.8,OK,Cidre de glace,2617,0.131,29.29,Forte,Très faible,2017D1049,D,2017,20,11.8,0.0,0,88.2
2018D1004,20055,3.7,25,2000.5,OK,Cidre tranquille,11166,0.557,6.74,Moyenne,Très faible,2018D1004,D,2018,20,6.3,0.0,0,93.7
2018D1013,20193,4,,2000.2,OK,Cidre pétillant,5340,0.264,9.98,Moyenne,Absente,2018D1013,D,2018,20,12.7,0.0,0,87.3
2018D1021,19827,3.9,27,1996.1,OK,Cidre pétillant,6112,0.308,10.67,Faible,Très faible,2018D1021,D,2018,20,0.0,0.0,0,100
2018D1027,19930,3.9,,1999.7,OK,Cidre pétillant,5980,0.3,10.0,Moyenne,Très faible,2018D1027,D,2018,20,7.9,0.0,0,92.1
2018D1033,20169,3.9,,1999.6,OK,Cidre de glace,2329,0.115,22.93,Moyenne,Très faible,2018D1033,D,2018,20,11.0,0.0,0,89
2018D1041,19911,4,27,2000.8,OK,Cidre de glace,1763,0.089,30.51,Moyenne,Absente,2018D1041,D,2018,20,15.5,0.0,0,84.5
2018D1049,20105,3.9,,1998.6,OK,Cidre de glace,2079,0.103,28.23,Moyenne,Faible,2018D1049,D,2018,20,11.0,0.0,0,89
2019D1003,20090,4,23,2001.5,OK,Cidre tranquille,10791,0.537,5.2,Moyenne,Absente,2019D1003,D,2019,20,9.5,0.0,0,90.5
2019D1010,19880,4.1,,2002.6,OK,Cidre tranquille,10808,0.544,4.88,Faible,Absente,2019D1010,D,2019,20,11.0,0.0,0,89
2019D1015,19862,4.2,29,2002.3,OK,Cidre pétillant,4837,0.244,8.47,Forte,Faible,2019D1015,D,2019,20,9.3,0.0,0,90.7
2019D1023,19980,3.9,,2000.6,OK,Cidre pétillant,4965,0.248,11.25,Moyenne,Très faible,2019D1023,D,2019,20,8.1,0.0,0,91.9
2019D1029,19976,4,,1999.9,OK,Cidre pétillant,4994,0.25,9.85,Forte,Absente,2019D1029,D,2019,20,10.8,0.0,0,89.2
2019D1032,20107,4,27,1997.7,OK,Cidre pétillant,5035,0.25,8.64,Moyenne,Très faible,2019D1032,D,2019,20,5.2,0.0,0,94.8
2019D1037,19876,3.8,,2000.6,OK,Cidre de glace,1247,0.063,31.67,Moyenne,Très faible,2019D1037,D,2019,20,8.2,0.0,0,91.8
2019D1045,19943,3.9,,2002.5,OK,Cidre de glace,1674,0.084,35.35,Moyenne,Très faible,2019D1045,D,2019,20,6.1,0.0,0,93.9
2019D1053,20013,4.1,23,2000.4,OK,Cidre de glace,2195,0.11,22.9,Moyenne,Très faible,2019D1053,D,2019,20,3.9,0.0,0,96.1
2020D1003,19950,3.8,,2001.5,OK,Cidre tranquille,9988,0.501,5.72,Moyenne,Très faible,2020D1003,D,2020,20,10.7,0.0,0,89.3
2020D1010,19766,4,24,2000.9,OK,Cidre tranquille,11216,0.567,5.89,Moyenne,Très faible,2020D1010,D,2020,20,0.6,0.0,0,99.4
2020D1018,19926,4,21,2000.5,OK,Cidre pétillant,5406,0.271,8.85,Moyenne,Très faible,2020D1018,D,2020,20,10.7,0.0,0,89.3
2020D1026,20169,4.1,28,1997.3,OK,Cidre pétillant,5342,0.265,11.04,Moyenne,Très faible,2020D1026,D,2020,20,12.9,0.0,0,87.1
2020D1034,19895,3.8,25,1999.4,OK,Cidre pétillant,5662,0.285,13.15,Moyenne,Très faible,2020D1034,D,2020,20,3.9,0.0,0,96.1
2020D1039,20014,4.2,25,2001.3,OK,Cidre de glace,1512,0.076,27.74,Moyenne,Faible,2020D1039,D,2020,20,15.9,0.0,0,84.1
2020D1047,19960,4.1,,2002.9,OK,Cidre de glace,1827,0.092,29.46,Moyenne,Absente,2020D1047,D,2020,20,6.8,0.0,0,93.2
2020D1055,19828,4.2,22,1998.8,OK,Cidre de glace,1272,0.064,27.6,Forte,Très faible,2020D1055,D,2020,20,13.0,0.0,0,87
2020D1063,19933,4.1,22,1997.4,OK,Cidre de glace,2632,0.132,27.33,Faible,Très faible,2020D1063,D,2020,20,10.9,0.0,0,89.1
2021D1004,19954,4,,1999.4,,Cidre tranquille,11133,0.558,7.0,Moyenne,Faible,2021D1004,D,2021,20,5.4,0.0,0,94.6
2021D1011,20183,4,20,2000.6,OK,Cidre tranquille,11251,0.557,7.35,Moyenne,Très faible,2021D1011,D,2021,20,4.6,0.0,0,95.4
2021D1017,20052,4.1,27,2002.9,OK,Cidre pétillant,5376,0.268,11.87,Moyenne,Absente,2021D1017,D,2021,20,7.3,0.0,0,92.7
2021D1025,20050,4,20,1998.4,OK,Cidre pétillant,5182,0.258,8.0,Moyenne,Très faible,2021D1025,D,2021,20,7.4,0.0,0,92.6
2021D1033,20044,4,26,1997.1,OK,Cidre pétillant,5959,0.297,11.78,Moyenne,Absente,2021D1033,D,2021,20,12.6,0.0,0,87.4
2021D1038,20098,4.1,,2001.2,OK,Cidre pétillant,5724,0.285,6.48,Faible,Très faible,2021D1038,D,2021,20,5.9,0.0,0,94.1
2021D1043,20153,4.1,,1996.9,OK,Cidre de glace,2764,0.137,28.26,Moyenne,Très faible,2021D1043,D,2021,20,11.8,0.0,0,88.2
2021D1051,19851,4,,1999.0,OK,Cidre de glace,2257,0.114,38.03,Moyenne,Faible,2021D1051,D,2021,20,19.3,0.0,0,80.7
2021D1059,19876,4,27,1998.6,OK,Cidre de glace,2291,0.115,23.57,Moyenne,Très faible,2021D1059,D,2021,20,7.3,0.0,0,92.7
2021D1067,20096,3.9,20,2000.8,OK,Cidre de glace,1927,0.096,25.2,Faible,Faible,2021D1067,D,2021,20,14.5,0.0,0,85.5
2022D1004,19879,4.2,,2001.1,OK,Cidre tranquille,10687,0.538,6.07,Forte,Faible,2022D1004,D,2022,20,8.7,0.0,0,91.3
2022D1011,20073,4.1,,2003.9,OK,Cidre tranquille,11558,0.576,5.77,Moyenne,Très faible,2022D1011,D,2022,20,5.9,0.0,0,94.1
2022D1020,20123,4.1,,2000.7,OK,Cidre pétillant,5714,0.284,7.55,Moyenne,Faible,2022D1020,D,2022,20,16.9,0.0,0,83.1
2022D1028,19875,3.8,24,2001.5,OK,Cidre pétillant,5759,0.29,10.08,Moyenne,Faible,2022D1028,D,2022,20,4.8,0.0,0,95.2
2022D1036,19991,4,,1999.0,OK,Cidre pétillant,5409,0.271,8.04,Moyenne,Très faible,2022D1036,D,2022,20,11.5,0.0,0,88.5
2022D1046,19990,3.9,,1998.7,OK,Cidre de glace,932,0.047,26.07,Faible,Très faible,2022D1046,D,2022,20,5.7,0.0,0,94.3
2022D1054,19928,3.9,29,1999.5,OK,Cidre de glace,2338,0.117,23.44,Faible,Très faible,2022D1054,D,2022,20,8.3,0.0,0,91.7
2022D1062,19855,4.2,,2001.3,OK,Cidre de glace,1430,0.072,35.81,Moyenne,Très faible,2022D1062,D,2022,20,2.2,0.0,0,97.8
2022D1070,20103,4,28,1997.0,OK,Cidre de glace,1319,0.066,32.44,Moyenne,Très faible,2022D1070,D,2022,20,13.8,0.0,0,86.2
2022D1078,20032,3.9,,2001.3,OK,Cidre de glace,2063,0.103,25.34,Forte,Absente,2022D1078,D,2022,20,2.3,0.0,0,97.7
2012E1009,9943,3.9,,1999.0,OK,Cidre pétillant,2809,0.283,12.24,Forte,Très faible,2012E1009,E,2012,10,0.0,0.0,0,100
2012E1015,9989,3.8,26,1999.5,OK,Cidre pétillant,2654,0.266,6.93,Moyenne,Très faible,2012E1015,E,2012,10,0.0,0.0,0,100
2012E1016,9968,4,27,1998.9,OK,Cidre pétillant,2858,0.287,7.78,Moyenne,Très faible,2012E1016,E,2012,10,100.0,0.0,0,100
2012E1022,10217,4.2,,2003.6,OK,Cidre de glace,1013,0.099,29.2,Moyenne,Très faible,2012E1022,E,2012,10,0.0,0.0,0,100
2012E1030,10078,4.1,,2000.0,OK,Cidre de glace,929,0.092,32.5,Moyenne,Très faible,2012E1030,E,2012,10,0.0,0.0,0,100
2013E1005,9953,3.9,29,2001.1,OK,Cidre tranquille,5373,0.54,7.02,Moyenne,Faible,2013E1005,E,2013,10,0.0,0.0,0,100
2013E1011,10035,4.1,,1999.1,OK,Cidre pétillant,2562,0.255,7.44,Faible,Absente,2013E1011,E,2013,10,0.0,0.0,0,100
2013E1023,9860,3.9,,1998.9,OK,Cidre de glace,620,0.063,23.39,Faible,Absente,2013E1023,E,2013,10,0.0,0.0,0,100
2013E1031,9938,3.9,23,1996.9,OK,Cidre de glace,995,0.1,24.41,Forte,Très faible,2013E1031,E,2013,10,0.0,0.0,0,100
2014E1005,9932,4,20,2000.0,OK,Cidre tranquille,5307,0.534,6.31,Moyenne,Absente,2014E1005,E,2014,10,0.0,0.0,0,100
2014E1011,10040,3.9,,1999.7,OK,Cidre pétillant,2485,0.248,13.97,Moyenne,Très faible,2014E1011,E,2014,10,0.0,0.0,0,100
2014E1023,9930,4,23,1997.7,OK,Cidre de glace,978,0.098,29.55,Moyenne,Faible,2014E1023,E,2014,10,0.0,0.0,0,100
2014E1031,10022,4,26,1998.5,OK,Cidre de glace,781,0.078,35.88,Forte,Absente,2014E1031,E,2014,10,0.0,0.0,0,100
2015E1005,9965,4,30,1997.4,OK,Cidre tranquille,5345,0.536,6.01,Moyenne,Très faible,2015E1005,E,2015,10,0.0,0.0,0,100
2015E1013,9846,4,,,OK,Cidre pétillant,2448,0.249,9.73,Moyenne,Faible,2015E1013,E,2015,10,0.0,0.0,0,100
2015E1021,10037,3.8,20,2003.6,OK,Cidre pétillant,2949,0.294,11.79,Moyenne,Très faible,2015E1021,E,2015,10,0.0,0.0,0,100
2015E1030,10133,4.1,,1999.3,OK,Cidre de glace,910,0.09,31.01,Forte,Très faible,2015E1030,E,2015,10,0.0,0.0,0,100
2015E1038,10021,4,26,1998.8,OK,Cidre de glace,1343,0.134,36.15,Moyenne,Très faible,2015E1038,E,2015,10,0.0,0.0,0,100
2015E1046,10135,4,22,2000.1,OK,Cidre de glace,1359,0.134,29.16,Moyenne,Absente,2015E1046,E,2015,10,0.0,0.0,0,100
2016E1005,9895,4,,1999.1,,Cidre tranquille,5129,0.518,6.53,Faible,Absente,2016E1005,E,2016,10,0.0,0.0,0,100
2016E1013,10048,3.9,21,1999.0,OK,Cidre pétillant,2721,0.271,12.92,Forte,Très faible,2016E1013,E,2016,10,0.0,0.0,0,100
2016E1021,9783,4,,2001.4,OK,Cidre pétillant,2511,0.257,9.06,Moyenne,Très faible,2016E1021,E,2016,10,0.0,0.0,0,100
2016E1030,9973,3.9,21,2001.5,OK,Cidre de glace,525,0.053,36.34,Moyenne,Très faible,2016E1030,E,2016,10,0.0,0.0,0,100
2016E1038,10018,3.7,21,2002.1,OK,Cidre de glace,1372,0.137,33.21,Moyenne,Très faible,2016E1038,E,2016,10,0.0,0.0,0,100
2016E1046,10032,4,21,2000.7,OK,Cidre de glace,830,0.083,31.51,Moyenne,Très faible,2016E1046,E,2016,10,0.0,0.0,0,100
2017E1005,10027,4,,1999.9,OK,Cidre tranquille,5424,0.541,5.37,Moyenne,Très faible,2017E1005,E,2017,10,0.0,0.0,0,100
2017E1014,10036,3.8,,2004.4,OK,Cidre pétillant,2716,0.271,7.34,Moyenne,Très faible,2017E1014,E,2017,10,0.0,0.0,0,100
2017E1022,10076,4,26,1998.9,OK,Cidre pétillant,2649,0.263,9.04,Moyenne,Faible,2017E1022,E,2017,10,0.0,0.0,0,100
2017E1028,9984,3.9,,2000.9,OK,Cidre pétillant,2530,0.253,11.44,Forte,Très faible,2017E1028,E,2017,10,0.0,0.0,0,100
2017E1034,9899,4,,1999.1,OK,Cidre de glace,1158,0.117,34.18,Faible,Faible,2017E1034,E,2017,10,0.0,0.0,0,100
2017E1042,9916,4,,2000.0,OK,Cidre de glace,891,0.09,29.28,Moyenne,Très faible,2017E1042,E,2017,10,0.0,0.0,0,100
2018E1005,9804,3.9,21,1996.1,OK,Cidre tranquille,5291,0.54,6.59,Moyenne,Très faible,2018E1005,E,2018,10,0.0,0.0,0,100
2018E1014,9982,4,,2002.4,OK,Cidre pétillant,2633,0.264,9.38,Moyenne,Absente,2018E1014,E,2018,10,0.0,0.0,0,100
2018E1022,10030,4.1,,2004.0,OK,Cidre pétillant,2545,0.254,10.41,Moyenne,Très faible,2018E1022,E,2018,10,0.0,0.0,0,100
2018E1028,10088,3.9,,1998.8,OK,Cidre pétillant,2884,0.286,12.6,Faible,Très faible,2018E1028,E,2018,10,0.0,0.0,0,100
2018E1034,10123,3.9,,2001.8,OK,Cidre de glace,857,0.085,25.35,Moyenne,Très faible,2018E1034,E,2018,10,0.0,0.0,0,100
2018E1042,9980,3.9,28,2001.0,OK,Cidre de glace,1381,0.138,30.81,Forte,Très faible,2018E1042,E,2018,10,0.0,0.0,0,100
2019E1004,9712,3.7,27,1999.1,OK,Cidre tranquille,4921,0.507,4.51,Moyenne,Très faible,2019E1004,E,2019,10,0.0,0.0,0,100
2019E1011,10074,4.1,,2001.8,OK,Cidre tranquille,5355,0.532,6.49,Moyenne,Très faible,2019E1011,E,2019,10,0.0,0.0,0,100
2019E1016,10059,4.1,,1997.4,OK,Cidre pétillant,2842,0.283,10.69,Moyenne,Très faible,2019E1016,E,2019,10,0.0,0.0,0,100
2019E1024,10171,4.1,,2000.8,OK,Cidre pétillant,2693,0.265,14.86,Moyenne,Faible,2019E1024,E,2019,10,0.0,0.0,0,100
2019E1030,10026,3.9,,2002.0,OK,Cidre pétillant,2398,0.239,12.16,Moyenne,Très faible,2019E1030,E,2019,10,0.0,0.0,0,100
2019E1033,9919,4,23,1998.7,OK,Cidre pétillant,2476,0.25,8.05,Moyenne,Très faible,2019E1033,E,2019,10,0.0,0.0,0,100
2019E1038,9986,4,,2001.0,OK,Cidre de glace,993,0.099,36.58,Forte,Faible,2019E1038,E,2019,10,0.0,0.0,0,100
2019E1046,10087,4.1,25,1998.7,OK,Cidre de glace,1122,0.111,36.5,Faible,Très faible,2019E1046,E,2019,10,0.0,0.0,0,100
2019E1054,9991,4.1,20,1997.7,OK,Cidre de glace,888,0.089,27.21,Moyenne,Très faible,2019E1054,E,2019,10,0.0,0.0,0,100
2020E1004,9983,4.2,20,1999.0,OK,Cidre tranquille,5369,0.538,6.87,Forte,Faible,2020E1004,E,2020,10,0.0,0.0,0,100
2020E1011,10021,,25,2003.1,OK,Cidre tranquille,5610,0.56,5.69,Moyenne,Très faible,2020E1011,E,2020,10,0.0,0.0,0,100
2020E1019,9913,4,27,1997.5,OK,Cidre pétillant,2808,0.283,8.09,Moyenne,Absente,2020E1019,E,2020,10,0.0,0.0,0,100
2020E1027,9912,4,26,2000.4,OK,Cidre pétillant,2590,0.261,12.28,Moyenne,Très faible,2020E1027,E,2020,10,0.0,0.0,0,100
2020E1035,10002,3.9,,2003.0,OK,Cidre pétillant,2590,0.259,7.98,Moyenne,Très faible,2020E1035,E,2020,10,0.0,0.0,0,100
2020E1040,9980,4,21,2000.6,OK,Cidre de glace,839,0.084,21.07,Faible,Absente,2020E1040,E,2020,10,0.0,0.0,0,100
2020E1048,10227,3.9,,1999.5,,Cidre de glace,980,0.096,33.84,Moyenne,Absente,2020E1048,E,2020,10,0.0,0.0,0,100
2020E1056,9873,3.8,30,1997.9,OK,Cidre de glace,863,0.087,31.67,Moyenne,Faible,2020E1056,E,2020,10,0.0,0.0,0,100
2020E1064,9970,4.1,23,1999.0,OK,Cidre de glace,1237,0.124,34.01,Moyenne,Très faible,2020E1064,E,2020,10,0.0,0.0,0,100
2021E1005,10059,4.1,,2002.4,OK,Cidre tranquille,5360,0.533,7.8,Moyenne,Très faible,2021E1005,E,2021,10,0.0,0.0,0,100
2021E1012,10126,4,25,1999.5,OK,Cidre tranquille,5284,0.522,6.31,Forte,Absente,2021E1012,E,2021,10,0.0,0.0,0,100
2021E1018,10081,3.9,24,,OK,Cidre pétillant,2832,0.281,7.05,Moyenne,Très faible,2021E1018,E,2021,10,0.0,0.0,0,100
2021E1026,9962,3.9,25,2000.8,OK,Cidre pétillant,2624,0.263,8.51,Moyenne,Très faible,2021E1026,E,2021,10,0.0,0.0,0,100
2021E1034,9987,4,22,1997.9,OK,Cidre pétillant,2732,0.274,7.45,Faible,Très faible,2021E1034,E,2021,10,0.0,0.0,0,100
2021E1039,10091,3.7,,2002.0,OK,Cidre pétillant,2546,0.252,8.72,Moyenne,Très faible,2021E1039,E,2021,10,0.0,0.0,0,100
2021E1044,10187,3.9,,2002.5,OK,Cidre de glace,986,0.097,32.62,Faible,Absente,2021E1044,E,2021,10,0.0,0.0,0,100
2021E1052,10142,4,,2002.3,OK,Cidre de glace,1142,0.113,33.56,Moyenne,Très faible,2021E1052,E,2021,10,0.0,0.0,0,100
2021E1060,9959,4.1,21,2001.3,OK,Cidre de glace,1195,0.12,26.13,Moyenne,Absente,2021E1060,E,2021,10,0.0,0.0,0,100
2021E1068,9893,4.1,21,2000.7,OK,Cidre de glace,724,0.073,28.06,Moyenne,Très faible,2021E1068,E,2021,10,0.0,0.0,0,100
2022E1005,10188,3.9,,1999.0,OK,Cidre tranquille,5550,0.545,5.34,Moyenne,Très faible,2022E1005,E,2022,10,0.0,0.0,0,100
2022E1012,9957,4,,1997.0,OK,Cidre tranquille,5504,0.553,4.27,Moyenne,Faible,2022E1012,E,2022,10,0.0,0.0,0,100
2022E1021,9957,4.1,,1998.4,OK,Cidre pétillant,2559,0.257,10.05,Faible,Très faible,2022E1021,E,2022,10,0.0,0.0,0,100
2022E1029,9886,3.9,22,1997.3,OK,Cidre pétillant,2753,0.278,6.96,Moyenne,Très faible,2022E1029,E,2022,10,0.0,0.0,0,100
2022E1037,10000,3.8,,1997.1,OK,Cidre pétillant,2524,0.252,9.87,Moyenne,Très faible,2022E1037,E,2022,10,0.0,0.0,0,100
2022E1047,10073,4,,1995.1,OK,Cidre de glace,1013,0.101,33.39,Forte,Faible,2022E1047,E,2022,10,0.0,0.0,0,100
2022E1055,9935,4,,1998.2,OK,Cidre de glace,1040,0.105,32.3,Forte,Très faible,2022E1055,E,2022,10,0.0,0.0,0,100
2022E1063,9982,4.1,28,1998.9,OK,Cidre de glace,990,0.099,31.82,Moyenne,Très faible,2022E1063,E,2022,10,0.0,0.0,0,100
2022E1071,10142,4,25,1998.8,OK,Cidre de glace,1039,0.102,27.95,Moyenne,Très faible,2022E1071,E,2022,10,0.0,0.0,0,100
2022E1079,10055,4,26,2001.3,OK,Cidre de glace,877,0.087,26.49,Faible,Très faible,2022E1079,E,2022,10,0.0,0.0,0,100
2012F1010,10085,3.9,,1997.2,OK,Cidre pétillant,3097,0.307,9.75,Très faible,Très forte,2012F1010,F,2012,10,100.0,0.0,0,0
2012F1017,9974,4.1,26,2000.7,OK,Cidre pétillant,2908,0.292,,Très faible,Très forte,2012F1017,F,2012,10,100.0,0.0,0,0
2012F1023,10072,4.1,,2001.1,OK,Cidre de glace,870,0.086,32.63,Très faible,Très forte,2012F1023,F,2012,10,100.0,0.0,0,0
2012F1031,9949,3.9,22,1998.1,OK,Cidre de glace,1216,0.122,22.33,Très faible,Très forte,2012F1031,F,2012,10,100.0,0.0,0,0
2013F1006,10055,4,26,1997.9,OK,Cidre tranquille,6187,0.615,5.58,Faible,Très forte,2013F1006,F,2013,10,100.0,0.0,0,0
2013F1012,10073,3.8,,2000.4,OK,Cidre pétillant,,0.291,7.45,Très faible,Très forte,2013F1012,F,2013,10,100.0,0.0,0,0
2013F1024,9914,3.9,,1999.9,OK,Cidre de glace,1103,0.111,36.33,Très faible,Très forte,2013F1024,F,2013,10,100.0,0.0,0,0
2013F1032,10086,3.9,25,1999.9,OK,Cidre de glace,1170,0.116,26.61,Très faible,Forte,2013F1032,F,2013,10,100.0,0.0,0,0
2014F1006,9763,4,22,2002.4,OK,Cidre tranquille,5690,0.583,8.34,Faible,Très forte,2014F1006,F,2014,10,100.0,0.0,0,0
2014F1012,9935,4.1,,2001.5,OK,Cidre pétillant,2782,0.28,11.0,Faible,Très forte,2014F1012,F,2014,10,100.0,0.0,0,0
2014F1024,9943,4,20,2002.2,OK,Cidre de glace,1219,0.123,24.26,Très faible,Très forte,2014F1024,F,2014,10,100.0,0.0,0,0
2014F1032,10015,4.1,27,1998.0,OK,Cidre de glace,976,0.097,29.97,Absente,Forte,2014F1032,F,2014,10,100.0,0.0,0,0
2015F1006,10026,4,28,1996.8,OK,Cidre tranquille,6081,0.607,5.01,Faible,Très forte,2015F1006,F,2015,10,100.0,0.0,0,0
2015F1014,9985,3.9,,1998.0,OK,Cidre pétillant,3125,0.313,5.78,Très faible,Forte,2015F1014,F,2015,10,100.0,0.0,0,0
2015F1022,10081,4.1,24,1996.0,OK,Cidre pétillant,2876,0.285,9.76,Très faible,Très forte,2015F1022,F,2015,10,100.0,0.0,0,0
2015F1031,9922,4.1,,2001.6,OK,Cidre de glace,840,0.085,36.84,Très faible,Très forte,2015F1031,F,2015,10,100.0,0.0,0,0
2015F1039,9850,4.1,21,1998.7,OK,Cidre de glace,940,0.095,29.43,Faible,Très forte,2015F1039,F,2015,10,100.0,0.0,0,0
2016F1006,9815,3.9,,2001.5,OK,Cidre tranquille,5797,0.591,6.19,Très faible,Très forte,2016F1006,F,2016,10,100.0,0.0,0,0
2016F1014,9818,4.1,23,1997.5,OK,Cidre pétillant,2906,0.296,9.33,Faible,Très forte,2016F1014,F,2016,10,100.0,0.0,0,0
2016F1022,10088,3.9,27,2000.3,OK,Cidre pétillant,2912,0.289,9.33,Très faible,Très forte,2016F1022,F,2016,10,100.0,0.0,0,0
2016F1031,10106,3.9,27,2002.0,OK,Cidre de glace,1262,0.125,32.52,Très faible,Très forte,2016F1031,F,2016,10,100.0,0.0,0,0
2016F1039,9939,3.8,29,2000.5,OK,Cidre de glace,1372,0.138,29.95,Absente,Très forte,2016F1039,F,2016,10,100.0,0.0,0,0
2017F1006,9983,4,,2000.9,OK,Cidre tranquille,5530,0.554,7.18,Très faible,Forte,2017F1006,F,2017,10,100.0,0.0,0,0
2017F1015,10117,3.9,,1999.8,OK,Cidre pétillant,2902,0.287,13.89,Très faible,Très forte,2017F1015,F,2017,10,100.0,0.0,0,0
2017F1023,10024,4,23,2000.4,OK,Cidre pétillant,3213,0.321,8.84,Très faible,Très forte,2017F1023,F,2017,10,100.0,0.0,0,0
2017F1035,10149,3.8,20,2000.6,OK,Cidre de glace,1086,0.107,29.95,Très faible,Très forte,2017F1035,F,2017,10,100.0,0.0,0,0
2017F1043,10011,4,26,2002.2,OK,Cidre de glace,1124,0.112,27.71,Très faible,Très forte,2017F1043,F,2017,10,0.0,0.0,0,0
2018F1006,10122,3.8,25,1999.4,OK,Cidre tranquille,5639,0.557,7.12,Très faible,Très forte,2018F1006,F,2018,10,100.0,0.0,0,0
2018F1015,9827,4.1,,1998.6,OK,Cidre pétillant,2831,0.288,9.96,Faible,Très forte,2018F1015,F,2018,10,100.0,0.0,0,0
2018F1023,10103,4,,2000.2,OK,Cidre pétillant,2528,0.25,8.74,Faible,Forte,2018F1023,F,2018,10,100.0,0.0,0,0
2018F1035,9936,3.9,27,1998.3,OK,Cidre de glace,782,0.079,28.95,Très faible,Très forte,2018F1035,F,2018,10,100.0,0.0,0,0
2018F1043,10166,4.1,23,1999.3,OK,Cidre de glace,,,26.22,Absente,Très forte,2018F1043,F,2018,10,100.0,0.0,0,0
2019F1005,9984,4,,1998.6,OK,Cidre tranquille,5560,0.557,7.39,Très faible,Très forte,2019F1005,F,2019,10,100.0,0.0,0,0
2019F1017,9957,4,,1999.2,OK,Cidre pétillant,3104,0.312,12.4,Très faible,Très forte,2019F1017,F,2019,10,100.0,0.0,0,0
2019F1025,10237,4,20,2003.1,OK,Cidre pétillant,3243,0.317,9.16,Très faible,Très forte,2019F1025,F,2019,10,100.0,0.0,0,0
2019F1039,10040,4,,2000.0,OK,Cidre de glace,1079,0.107,31.82,Absente,Très forte,2019F1039,F,2019,10,100.0,0.0,0,0
2019F1047,10067,4,26,2001.4,OK,Cidre de glace,1306,0.13,33.58,Très faible,Très forte,2019F1047,F,2019,10,100.0,0.0,0,0
2019F1055,9906,4.1,22,2000.7,OK,Cidre de glace,1345,0.136,29.97,Très faible,Très forte,2019F1055,F,2019,10,100.0,0.0,0,0
2020F1005,10049,3.9,24,1999.6,OK,Cidre tranquille,6161,0.613,5.67,Très faible,Forte,2020F1005,F,2020,10,100.0,0.0,0,0
2020F1012,10009,4,25,2000.7,OK,Cidre tranquille,5966,0.596,5.15,Très faible,Très forte,2020F1012,F,2020,10,100.0,0.0,0,0
2020F1020,10061,4.2,,2000.6,OK,Cidre pétillant,2710,,12.02,Faible,Très forte,2020F1020,F,2020,10,100.0,0.0,0,0
2020F1028,9937,4,24,1998.6,OK,Cidre pétillant,3081,0.31,10.89,Très faible,Très forte,2020F1028,F,2020,10,100.0,0.0,0,0
2020F1041,9958,4.1,24,1998.4,OK,Cidre de glace,1003,0.101,31.74,Très faible,Forte,2020F1041,F,2020,10,100.0,0.0,0,0
2020F1049,9864,4,,2004.0,OK,Cidre de glace,1206,0.122,33.28,Très faible,Très forte,2020F1049,F,2020,10,100.0,0.0,0,0
2020F1057,9981,3.9,28,2001.5,OK,Cidre de glace,1125,0.113,34.18,Très faible,Très forte,2020F1057,F,2020,10,100.0,0.0,0,0
2020F1065,10017,4.1,21,2003.4,OK,Cidre de glace,692,0.069,26.32,Très faible,Très forte,2020F1065,F,2020,10,100.0,0.0,0,0
2021F1006,9895,4,,1999.8,OK,Cidre tranquille,5757,0.582,6.53,Faible,Très forte,2021F1006,F,2021,10,100.0,0.0,0,0
2021F1013,10169,3.9,29,2000.2,OK,Cidre tranquille,5818,0.572,5.24,Très faible,Forte,2021F1013,F,2021,10,100.0,0.0,0,0
2021F1019,10008,4,21,1998.1,OK,Cidre pétillant,2846,0.284,12.09,Absente,Très forte,2021F1019,F,2021,10,100.0,0.0,0,0
2021F1027,9921,4.1,24,1996.5,OK,Cidre pétillant,2551,0.257,11.26,Très faible,Très forte,2021F1027,F,2021,10,100.0,0.0,0,0
2021F1035,9974,4,26,2000.8,OK,Cidre pétillant,3054,0.306,10.53,Absente,Très forte,2021F1035,F,2021,10,100.0,0.0,0,0
2021F1045,9997,4,,2000.5,OK,Cidre de glace,1010,0.101,29.81,Absente,Très forte,2021F1045,F,2021,10,100.0,0.0,0,0
2021F1053,9890,3.9,,2000.2,OK,Cidre de glace,1072,0.108,25.07,Très faible,Très forte,2021F1053,F,2021,10,100.0,0.0,0,0
2021F1061,10008,4,21,1999.5,OK,Cidre de glace,930,0.093,27.48,Très faible,Très forte,2021F1061,F,2021,10,100.0,0.0,0,0
2021F1069,10031,3.8,28,2000.5,OK,Cidre de glace,868,0.087,28.76,Très faible,Très forte,2021F1069,F,2021,10,100.0,0.0,0,0
2022F1006,10147,4.1,,1998.6,OK,Cidre tranquille,5675,0.559,4.99,Très faible,Très forte,2022F1006,F,2022,10,100.0,0.0,0,0
2022F1013,9941,4.2,,1999.8,OK,Cidre tranquille,6054,0.609,4.85,Faible,Très forte,2022F1013,F,2022,10,100.0,0.0,0,0
2022F1022,10172,4,,2001.9,OK,Cidre pétillant,3587,0.353,9.11,Très faible,Très forte,2022F1022,F,2022,10,100.0,0.0,0,0
2022F1030,9898,4.2,21,1998.2,OK,Cidre pétillant,3254,0.329,9.71,Très faible,Très forte,2022F1030,F,2022,10,100.0,0.0,0,0
2022F1038,9942,4,30,2000.3,OK,Cidre pétillant,3609,0.363,7.42,Absente,Très forte,2022F1038,F,2022,10,100.0,0.0,0,0
2022F1048,10112,4,,2001.8,OK,Cidre de glace,484,0.048,29.08,Absente,Très forte,2022F1048,F,2022,10,100.0,0.0,0,0
2022F1056,9912,3.9,30,2000.5,OK,Cidre de glace,1247,0.126,30.49,Très faible,Très forte,2022F1056,F,2022,10,100.0,0.0,0,0
2022F1064,9884,4,20,2002.8,OK,Cidre de glace,1017,0.103,25.99,Très faible,Très forte,2022F1064,F,2022,10,100.0,0.0,0,0
2022F1072,10088,4,26,1996.8,OK,Cidre de glace,1119,0.111,36.4,Faible,Très forte,2022F1072,F,2022,10,100.0,0.0,0,0
2022F1080,10094,4,29,2002.9,OK,Cidre de glace,1420,0.141,28.83,Très faible,Très forte,2022F1080,F,2022,10,100.0,0.0,0,0
2012G1011,9923,3.9,,1998.2,OK,Cidre pétillant,2714,0.274,9.0,Très forte,Moyenne,2012G1011,G,2012,10,0.0,100.0,0,0
2012G1024,10063,4,26,1999.8,OK,Cidre de glace,1023,0.102,31.42,Très forte,Moyenne,2012G1024,G,2012,10,0.0,100.0,0,0
2012G1032,10065,3.9,30,2002.1,OK,Cidre de glace,684,0.068,32.2,Très forte,Moyenne,2012G1032,G,2012,10,0.0,100.0,0,0
2013G1013,9926,4,,2000.4,OK,Cidre pétillant,2692,0.271,7.3,Forte,Moyenne,2013G1013,G,2013,10,0.0,100.0,0,0
2013G1025,9976,3.9,,2000.8,OK,Cidre de glace,1019,0.102,24.62,Forte,Moyenne,2013G1025,G,2013,10,0.0,100.0,0,0
2013G1033,9899,3.8,21,2000.4,OK,Cidre de glace,895,0.09,25.14,Très forte,Moyenne,2013G1033,G,2013,10,0.0,100.0,0,0
2014G1013,10052,4.3,,1999.3,OK,Cidre pétillant,2684,0.267,7.91,Très forte,Moyenne,2014G1013,G,2014,10,0.0,100.0,0,0
2014G1025,10175,4,20,2001.7,OK,Cidre de glace,1056,0.104,39.66,Très forte,Moyenne,2014G1025,G,2014,10,0.0,100.0,0,0
2014G1033,10021,3.9,24,1999.2,OK,Cidre de glace,879,0.088,35.0,Très forte,Faible,2014G1033,G,2014,10,0.0,100.0,0,0
2015G1007,9995,3.8,28,1998.7,OK,Cidre tranquille,5090,0.509,6.81,Très forte,Faible,2015G1007,G,2015,10,0.0,100.0,0,0
2015G1015,10065,3.9,,1997.4,OK,Cidre pétillant,2452,0.244,9.98,Très forte,Moyenne,2015G1015,G,2015,10,0.0,100.0,0,0
2015G1023,10215,4,22,1996.8,OK,Cidre pétillant,2672,0.262,17.01,Très forte,Faible,2015G1023,G,2015,10,0.0,100.0,0,0
2015G1032,9969,4,,2002.5,OK,Cidre de glace,471,0.047,31.79,Très forte,Moyenne,2015G1032,G,2015,10,0.0,100.0,0,0
2015G1040,9947,4,30,2001.6,OK,Cidre de glace,1052,0.106,34.52,Très forte,Forte,2015G1040,G,2015,10,0.0,100.0,0,0
2016G1007,9891,4.1,,1998.8,OK,Cidre tranquille,4616,0.467,6.28,Très forte,Moyenne,2016G1007,G,2016,10,0.0,100.0,0,0
2016G1015,10051,4,,2004.9,OK,Cidre pétillant,2571,0.256,9.81,Très forte,Forte,2016G1015,G,2016,10,0.0,100.0,0,0
2016G1023,10156,4,21,2001.8,OK,Cidre pétillant,2547,0.251,11.44,Très forte,Moyenne,2016G1023,G,2016,10,0.0,100.0,0,0
2016G1032,9864,4,23,2002.1,OK,Cidre de glace,717,0.073,27.2,Très forte,Moyenne,2016G1032,G,2016,10,0.0,100.0,0,0
2016G1040,9975,3.9,30,1998.2,OK,Cidre de glace,987,0.099,31.83,Très forte,Moyenne,2016G1040,G,2016,10,0.0,100.0,0,0
2017G1007,9993,4,,1999.0,OK,Cidre tranquille,5240,0.524,7.13,Très forte,Forte,2017G1007,G,2017,10,0.0,100.0,0,0
2017G1016,9977,3.9,,1999.2,OK,Cidre pétillant,2359,0.236,6.48,Très forte,Forte,2017G1016,G,2017,10,0.0,100.0,0,0
2017G1024,9891,3.9,29,1998.5,OK,Cidre pétillant,2383,0.241,9.89,Forte,Moyenne,2017G1024,G,2017,10,0.0,100.0,0,0
2017G1036,10003,3.9,23,1998.1,OK,Cidre de glace,711,0.071,24.83,Très forte,Forte,2017G1036,G,2017,10,0.0,100.0,0,0
2017G1044,10036,3.9,23,2001.3,OK,Cidre de glace,811,0.081,25.47,Très forte,Faible,2017G1044,G,2017,10,0.0,100.0,0,0
2018G1007,10062,4,,1998.9,OK,Cidre tranquille,4959,0.493,6.17,Très forte,Forte,2018G1007,G,2018,10,0.0,100.0,0,0
2018G1016,9865,4,,2001.3,OK,Cidre pétillant,2229,0.226,8.11,Très forte,Forte,2018G1016,G,2018,10,0.0,100.0,0,0
2018G1024,10136,4.2,,1998.2,OK,Cidre pétillant,2586,0.255,10.21,Très forte,Faible,2018G1024,G,2018,10,0.0,100.0,0,0
2018G1036,9942,3.9,,1998.2,OK,Cidre de glace,905,0.091,34.35,Très forte,Moyenne,2018G1036,G,2018,10,0.0,100.0,0,0
2018G1044,9808,4,,1999.0,OK,Cidre de glace,1164,0.119,25.42,Forte,Forte,2018G1044,G,2018,10,0.0,100.0,0,0
2019G1006,9958,4,,2002.2,OK,Cidre tranquille,5045,0.507,5.6,Très forte,Faible,2019G1006,G,2019,10,0.0,100.0,0,0
2019G1018,9990,4.2,,2002.1,OK,Cidre pétillant,2656,0.266,10.3,Forte,Forte,2019G1018,G,2019,10,0.0,100.0,0,0
2019G1026,9813,4.2,20,2001.7,OK,Cidre pétillant,2470,0.252,10.96,Forte,Faible,2019G1026,G,2019,10,0.0,100.0,0,0
2019G1040,9964,4.1,23,2001.3,OK,Cidre de glace,1209,0.121,32.78,Très forte,Moyenne,2019G1040,G,2019,10,0.0,100.0,0,0
2019G1048,10146,4.2,26,1999.7,OK,Cidre de glace,1136,0.112,29.61,Très forte,Moyenne,2019G1048,G,2019,10,0.0,100.0,0,0
2019G1056,9972,3.9,28,2001.5,OK,Cidre de glace,964,0.097,34.79,Très forte,Moyenne,2019G1056,G,2019,10,0.0,100.0,0,0
2020G1006,9936,4,24,2002.0,OK,Cidre tranquille,5335,0.537,5.54,Forte,Moyenne,2020G1006,G,2020,10,0.0,100.0,0,0
2020G1021,10028,4,,1998.0,OK,Cidre pétillant,2657,0.265,9.92,Très forte,Faible,2020G1021,G,2020,10,0.0,100.0,0,0
2020G1029,9935,3.9,,2002.5,OK,Cidre pétillant,2606,0.262,12.07,Très forte,Moyenne,2020G1029,G,2020,10,0.0,100.0,0,0
2020G1042,10034,3.9,22,2004.2,OK,Cidre de glace,992,0.099,22.91,Très forte,Moyenne,2020G1042,G,2020,10,0.0,100.0,0,0
2020G1050,10112,4,,2002.1,OK,Cidre de glace,1194,0.118,28.13,Très forte,Faible,2020G1050,G,2020,10,0.0,100.0,0,0
2020G1058,10228,4,,1999.2,OK,Cidre de glace,826,0.081,36.55,Très forte,Moyenne,2020G1058,G,2020,10,0.0,100.0,0,0
2020G1066,9846,4.1,27,2002.0,OK,Cidre de glace,795,0.081,29.18,Forte,Moyenne,2020G1066,G,2020,10,0.0,100.0,0,0
2021G1007,9985,4.1,,2000.6,OK,Cidre tranquille,5079,0.509,6.18,Très forte,Moyenne,2021G1007,G,2021,10,0.0,100.0,0,0
2021G1020,10150,4.1,29,1999.5,OK,Cidre pétillant,2470,0.243,6.81,Très forte,Moyenne,2021G1020,G,2021,10,0.0,100.0,0,0
2021G1028,10024,3.9,27,2000.3,OK,Cidre pétillant,2652,0.265,9.59,Forte,Moyenne,2021G1028,G,2021,10,0.0,100.0,0,0
2021G1036,9997,3.8,30,2001.2,OK,Cidre pétillant,2616,0.262,11.67,Très forte,Moyenne,2021G1036,G,2021,10,0.0,100.0,0,0
2021G1046,9931,3.9,,1998.7,OK,Cidre de glace,1108,0.112,33.61,Très forte,Moyenne,2021G1046,G,2021,10,0.0,100.0,0,0
2021G1054,10110,4.1,,2001.7,OK,Cidre de glace,873,0.086,26.89,Forte,Moyenne,2021G1054,G,2021,10,0.0,100.0,0,0
2021G1062,9889,4,,2001.1,OK,Cidre de glace,667,0.067,26.5,Forte,Très forte,2021G1062,G,2021,10,0.0,100.0,0,0
2021G1070,9902,4,,1999.8,OK,Cidre de glace,768,0.078,31.58,Très forte,Moyenne,2021G1070,G,2021,10,0.0,100.0,0,0
2022G1007,9894,4,25,1999.0,OK,Cidre tranquille,5171,0.523,3.57,Très forte,Faible,2022G1007,G,2022,10,0.0,100.0,0,0
2022G1014,10106,4.1,,1997.6,OK,Cidre tranquille,5173,0.512,6.98,Très forte,Moyenne,2022G1014,G,2022,10,0.0,100.0,0,0
2022G1023,9975,4.2,,1999.6,OK,Cidre pétillant,2410,0.242,9.47,Très forte,Moyenne,2022G1023,G,2022,10,0.0,100.0,0,0
2022G1031,10205,3.9,,2000.3,OK,Cidre pétillant,2729,0.267,11.16,Très forte,Moyenne,2022G1031,G,2022,10,0.0,100.0,0,0
2022G1039,10033,3.9,26,1996.2,OK,Cidre pétillant,2556,0.255,11.24,Très forte,Moyenne,2022G1039,G,2022,10,0.0,100.0,0,0
2022G1049,10114,4,,1999.2,OK,Cidre de glace,827,0.082,31.42,Forte,Moyenne,2022G1049,G,2022,10,0.0,100.0,0,0
2022G1057,10071,4.1,26,1998.8,OK,Cidre de glace,929,0.092,34.5,Très forte,Moyenne,2022G1057,G,2022,10,0.0,100.0,0,0
2022G1065,10088,4,,2000.4,OK,Cidre de glace,1122,0.111,34.94,Très forte,Moyenne,2022G1065,G,2022,10,0.0,100.0,0,0
2022G1073,10003,3.9,22,2000.8,OK,Cidre de glace,965,0.096,38.59,Très forte,Moyenne,2022G1073,G,2022,10,0.0,100.0,0,0
2022G1081,9776,3.8,21,2000.4,OK,Cidre de glace,1068,0.109,33.93,Forte,Moyenne,2022G1081,G,2022,10,0.0,100.0,0,0
2012H1012,9919,4.2,,1995.4,OK,Cidre pétillant,3340,0.337,11.61,Très forte,Très forte,2012H1012,H,2012,10,0.0,0.0,100,0
2012H1025,10087,3.9,22,1997.5,OK,Cidre de glace,1104,0.109,36.47,Très forte,Très forte,2012H1025,H,2012,10,0.0,0.0,100,0
2012H1033,10022,4.1,28,1996.4,OK,Cidre de glace,1156,0.115,28.42,Très forte,Très forte,2012H1033,H,2012,10,0.0,0.0,100,0
2013H1014,9974,4,,2002.0,OK,Cidre pétillant,3647,0.366,11.26,Très forte,Très forte,2013H1014,H,2013,10,0.0,0.0,100,0
2013H1026,9983,4,,1997.7,OK,Cidre de glace,1598,0.16,27.48,Très forte,Très forte,2013H1026,H,2013,10,0.0,0.0,100,0
2013H1034,10011,4,22,1999.7,OK,Cidre de glace,1137,0.114,31.37,Très forte,Très forte,2013H1034,H,2013,10,0.0,0.0,100,0
2014H1014,10011,4.1,,2001.0,OK,Cidre pétillant,3584,0.358,12.5,Très forte,Très forte,2014H1014,H,2014,10,0.0,0.0,100,0
2014H1026,9942,4,25,2002.9,OK,Cidre de glace,1456,0.146,29.11,Très forte,Très forte,2014H1026,H,2014,10,0.0,0.0,100,0
2014H1034,10046,3.9,27,2000.1,OK,Cidre de glace,1360,0.135,35.44,Très forte,Très forte,2014H1034,H,2014,10,0.0,0.0,100,0
2015H1008,10048,4.1,28,2002.2,OK,Cidre tranquille,6933,0.69,6.76,Très forte,Très forte,2015H1008,H,2015,10,0.0,0.0,100,0
2015H1016,10086,4.2,,1999.1,OK,Cidre pétillant,3331,0.33,6.33,Forte,Très forte,2015H1016,H,2015,10,0.0,0.0,100,0
2015H1024,9828,3.9,26,1998.6,OK,Cidre pétillant,3432,0.349,9.19,Très forte,Très forte,2015H1024,H,2015,10,0.0,0.0,100,0
2015H1033,9958,4,,2001.7,OK,Cidre de glace,1399,0.14,31.9,Très forte,Très forte,2015H1033,H,2015,10,0.0,0.0,100,0
2015H1041,10112,4.2,23,1999.4,OK,Cidre de glace,1215,0.12,33.08,Très forte,Très forte,2015H1041,H,2015,10,0.0,0.0,100,0
2016H1008,10186,4.1,29,2001.6,OK,Cidre tranquille,6579,0.646,6.81,Très forte,Très forte,2016H1008,H,2016,10,0.0,0.0,100,0
2016H1016,9943,4.1,,2000.7,OK,Cidre pétillant,3213,0.323,10.49,Très forte,Très forte,2016H1016,H,2016,10,0.0,0.0,100,0
2016H1024,9951,4,24,1998.3,OK,Cidre pétillant,3274,0.329,9.41,Très forte,Très forte,2016H1024,H,2016,10,0.0,0.0,100,0
2016H1033,10127,4.2,25,1998.2,OK,Cidre de glace,1197,0.118,34.07,Très forte,Très forte,2016H1033,H,2016,10,0.0,0.0,100,0
2016H1041,10059,4.1,28,1999.8,OK,Cidre de glace,1303,0.13,29.52,Très forte,Très forte,2016H1041,H,2016,10,0.0,0.0,100,0
2017H1008,9996,3.9,27,1998.8,OK,Cidre tranquille,6819,0.682,7.45,Très forte,Très forte,2017H1008,H,2017,10,0.0,0.0,100,0
2017H1017,9837,3.9,,1999.5,OK,Cidre pétillant,3021,0.307,10.93,Très forte,Très forte,2017H1017,H,2017,10,0.0,0.0,100,0
2017H1025,10034,4.1,25,2003.5,OK,Cidre pétillant,3444,0.343,9.7,Très forte,Très forte,2017H1025,H,2017,10,0.0,0.0,100,0
2017H1037,10150,3.8,,2000.5,OK,Cidre de glace,1131,0.111,31.92,Très forte,Très forte,2017H1037,H,2017,10,0.0,0.0,100,0
2017H1045,10023,3.9,28,1996.0,OK,Cidre de glace,933,0.093,29.84,Très forte,Très forte,2017H1045,H,2017,10,0.0,0.0,100,0
2018H1008,10083,4.1,,1997.3,OK,Cidre tranquille,6854,0.68,4.82,Très forte,Forte,2018H1008,H,2018,10,0.0,0.0,100,0
2018H1017,10109,4,29,1998.1,OK,Cidre pétillant,3065,0.303,10.06,Très forte,Très forte,2018H1017,H,2018,10,0.0,0.0,100,0
2018H1025,10045,3.9,,1999.8,OK,Cidre pétillant,3632,0.362,9.87,Très forte,Très forte,2018H1025,H,2018,10,0.0,0.0,100,0
2018H1037,10032,4.1,,1998.0,OK,Cidre de glace,1424,0.142,29.49,Très forte,Forte,2018H1037,H,2018,10,0.0,0.0,100,0
2018H1045,9925,4.3,,1999.6,OK,Cidre de glace,1498,0.151,30.24,Très forte,Très forte,2018H1045,H,2018,10,0.0,0.0,100,0
2019H1007,9817,4.1,,1998.7,OK,Cidre tranquille,6450,0.657,5.79,Très forte,Très forte,2019H1007,H,2019,10,0.0,0.0,100,0
2019H1019,10169,4.1,20,2000.0,OK,Cidre pétillant,3563,0.35,8.34,Très forte,Très forte,2019H1019,H,2019,10,0.0,0.0,100,0
2019H1027,10107,,24,1997.5,OK,Cidre pétillant,3526,0.349,8.96,Très forte,Très forte,2019H1027,H,2019,10,0.0,0.0,100,0
2019H1041,10062,3.9,20,2001.8,OK,Cidre de glace,1118,0.111,36.78,Très forte,Très forte,2019H1041,H,2019,10,0.0,0.0,100,0
2019H1049,10098,3.8,27,2001.7,OK,Cidre de glace,1483,0.147,30.02,Très forte,Très forte,2019H1049,H,2019,10,0.0,0.0,100,0
2019H1057,9867,4,25,2004.3,OK,Cidre de glace,1343,0.136,21.3,Forte,Forte,2019H1057,H,2019,10,0.0,0.0,100,0
2020H1007,9882,4,25,1997.1,OK,Cidre tranquille,6758,0.684,6.1,Forte,Très forte,2020H1007,H,2020,10,0.0,0.0,100,0
2020H1022,10143,3.9,,2001.6,OK,Cidre pétillant,3768,0.371,13.44,Très forte,Forte,2020H1022,H,2020,10,0.0,0.0,100,0
2020H1030,9920,4.1,,1999.6,OK,Cidre pétillant,3639,0.367,11.75,Très forte,Forte,2020H1030,H,2020,10,0.0,0.0,100,0
2020H1043,9855,4,,2002.6,OK,Cidre de glace,1156,0.117,36.25,Très forte,Très forte,2020H1043,H,2020,10,0.0,0.0,100,0
2020H1051,10152,4.1,,2000.3,OK,Cidre de glace,874,0.086,24.79,Très forte,Très forte,2020H1051,H,2020,10,0.0,0.0,100,0
2020H1059,9922,4.1,,1997.1,OK,Cidre de glace,1380,0.139,32.43,Très forte,Très forte,2020H1059,H,2020,10,0.0,0.0,100,0
2020H1067,9956,4,,2000.8,OK,Cidre de glace,1482,0.149,29.79,Très forte,Très forte,2020H1067,H,2020,10,0.0,0.0,100,0
2021H1008,9867,3.9,,2006.9,OK,Cidre tranquille,7103,0.72,5.32,Très forte,Très forte,2021H1008,H,2021,10,0.0,0.0,100,0
2021H1021,9985,4.1,21,2001.0,OK,Cidre pétillant,3567,0.357,9.86,Très forte,Très forte,2021H1021,H,2021,10,0.0,0.0,100,0
2021H1029,10072,4,21,2001.3,OK,Cidre pétillant,3500,0.347,8.23,Très forte,Forte,2021H1029,H,2021,10,0.0,0.0,100,0
2021H1037,9958,4.2,,1999.6,OK,Cidre pétillant,3299,0.331,9.72,Très forte,Très forte,2021H1037,H,2021,10,0.0,0.0,100,0
2021H1047,10111,4,,2002.4,OK,Cidre de glace,677,0.067,29.98,Très forte,Très forte,2021H1047,H,2021,10,0.0,0.0,100,0
2021H1055,9954,4,,1997.2,OK,Cidre de glace,1027,0.103,34.56,Très forte,Très forte,2021H1055,H,2021,10,0.0,0.0,100,0
2021H1063,10015,4,,1999.0,OK,Cidre de glace,1365,0.136,37.35,Très forte,Très forte,2021H1063,H,2021,10,0.0,0.0,100,0
2021H1071,10039,3.8,,1997.2,OK,Cidre de glace,1248,0.124,29.4,Forte,Très forte,2021H1071,H,2021,10,0.0,0.0,100,0
2022H1008,9861,3.9,29,2002.0,OK,Cidre tranquille,6589,0.668,4.59,Très forte,Très forte,2022H1008,H,2022,10,0.0,0.0,100,0
2022H1015,9878,3.9,23,2003.0,OK,Cidre tranquille,6717,0.68,5.61,Forte,Très forte,2022H1015,H,2022,10,0.0,0.0,100,0
2022H1024,9863,3.9,,1999.1,OK,Cidre pétillant,3065,0.311,12.35,Très forte,Très forte,2022H1024,H,2022,10,0.0,0.0,100,0
2022H1032,9985,4,,2001.4,OK,Cidre pétillant,3199,0.32,14.3,Forte,Très forte,2022H1032,H,2022,10,0.0,0.0,100,0
2022H1040,10031,4.1,22,2001.5,OK,Cidre pétillant,3488,0.348,9.81,Très forte,Très forte,2022H1040,H,2022,10,0.0,0.0,100,0
2022H1050,10178,3.9,,2001.5,OK,Cidre de glace,1308,0.129,28.86,Très forte,Très forte,2022H1050,H,2022,10,0.0,0.0,100,0
2022H1058,9977,4.1,26,2002.5,OK,Cidre de glace,1642,0.165,32.42,Très forte,Forte,2022H1058,H,2022,10,0.0,0.0,100,0
2022H1066,9855,4.1,,1999.7,OK,Cidre de glace,1165,0.118,33.51,Très forte,Très forte,2022H1066,H,2022,10,0.0,0.0,100,0
2022H1074,10069,4.1,,2002.0,OK,Cidre de glace,1020,0.101,26.43,Très forte,Forte,2022H1074,H,2022,10,0.0,0.0,100,0
2022H1082,10058,3.9,22,1998.6,OK,Cidre de glace,921,0.092,29.21,Très forte,Forte,2022H1082,H,2022,10,0.0,0.0,100,0
