[
{"upc": "a897fe39b1053632", "product_type": "Books", "price_without_tax": "\u00a351.77", "price_with_tax": "\u00a351.77", "tax": "\u00a30.00", "availability": "In stock (22 available)", "number_of_reviews": "0"},
{"upc": "ce6396b0f23f6ecc", "product_type": "Books", "price_without_tax": "\u00a317.46", "price_with_tax": "\u00a317.46", "tax": "\u00a30.00", "availability": "In stock (19 available)", "number_of_reviews": "0"},
{"upc": "a22124811bfa8350", "product_type": "Books", "price_without_tax": "\u00a345.17", "price_with_tax": "\u00a345.17", "tax": "\u00a30.00", "availability": "In stock (19 available)", "number_of_reviews": "0"},
{"upc": "deda3e61b9514b83", "product_type": "Books", "price_without_tax": "\u00a357.25", "price_with_tax": "\u00a357.25", "tax": "\u00a30.00", "availability": "In stock (19 available)", "number_of_reviews": "0"},
{"upc": "3b1c02bac2a429e6", "product_type": "Books", "price_without_tax": "\u00a352.29", "price_with_tax": "\u00a352.29", "tax": "\u00a30.00", "availability": "In stock (19 available)", "number_of_reviews": "0"},
{"upc": "a34ba96d4081e6a4", "product_type": "Books", "price_without_tax": "\u00a335.02", "price_with_tax": "\u00a335.02", "tax": "\u00a30.00", "availability": "In stock (19 available)", "number_of_reviews": "0"},
{"upc": "e30f54cea9b38190", "product_type": "Books", "price_without_tax": "\u00a337.59", "price_with_tax": "\u00a337.59", "tax": "\u00a30.00", "availability": "In stock (19 available)", "number_of_reviews": "0"},
{"upc": "feb7cc7701ecf901", "product_type": "Books", "price_without_tax": "\u00a323.88", "price_with_tax": "\u00a323.88", "tax": "\u00a30.00", "availability": "In stock (19 available)", "number_of_reviews": "0"},
{"upc": "a18a4f574854aced", "product_type": "Books", "price_without_tax": "\u00a351.33", "price_with_tax": "\u00a351.33", "tax": "\u00a30.00", "availability": "In stock (19 available)", "number_of_reviews": "0"},
{"upc": "0312262ecafa5a40", "product_type": "Books", "price_without_tax": "\u00a313.99", "price_with_tax": "\u00a313.99", "tax": "\u00a30.00", "availability": "In stock (19 available)", "number_of_reviews": "0"},
{"upc": "1dfe412b8ac00530", "product_type": "Books", "price_without_tax": "\u00a352.15", "price_with_tax": "\u00a352.15", "tax": "\u00a30.00", "availability": "In stock (19 available)", "number_of_reviews": "0"},
{"upc": "e10e1e165dc8be4a", "product_type": "Books", "price_without_tax": "\u00a322.60", "price_with_tax": "\u00a322.60", "tax": "\u00a30.00", "availability": "In stock (19 available)", "number_of_reviews": "0"},
{"upc": "e72a5dfc7e9267b2", "product_type": "Books", "price_without_tax": "\u00a317.93", "price_with_tax": "\u00a317.93", "tax": "\u00a30.00", "availability": "In stock (19 available)", "number_of_reviews": "0"},
{"upc": "2597b5a345f45e1b", "product_type": "Books", "price_without_tax": "\u00a333.34", "price_with_tax": "\u00a333.34", "tax": "\u00a30.00", "availability": "In stock (19 available)", "number_of_reviews": "0"},
{"upc": "4165285e1663650f", "product_type": "Books", "price_without_tax": "\u00a354.23", "price_with_tax": "\u00a354.23", "tax": "\u00a30.00", "availability": "In stock (20 available)", "number_of_reviews": "0"},
{"upc": "30a7f60cd76ca58c", "product_type": "Books", "price_without_tax": "\u00a320.66", "price_with_tax": "\u00a320.66", "tax": "\u00a30.00", "availability": "In stock (19 available)", "number_of_reviews": "0"},
{"upc": "f77dbf2323deb740", "product_type": "Books", "price_without_tax": "\u00a322.65", "price_with_tax": "\u00a322.65", "tax": "\u00a30.00", "availability": "In stock (19 available)", "number_of_reviews": "0"},
{"upc": "e00eb4fd7b871a48", "product_type": "Books", "price_without_tax": "\u00a347.82", "price_with_tax": "\u00a347.82", "tax": "\u00a30.00", "availability": "In stock (20 available)", "number_of_reviews": "0"},
{"upc": "6957f44c3847a760", "product_type": "Books", "price_without_tax": "\u00a350.10", "price_with_tax": "\u00a350.10", "tax": "\u00a30.00", "availability": "In stock (20 available)", "number_of_reviews": "0"},
{"upc": "90fa61229261140a", "product_type": "Books", "price_without_tax": "\u00a353.74", "price_with_tax": "\u00a353.74", "tax": "\u00a30.00", "availability": "In stock (20 available)", "number_of_reviews": "0"}
]