<?xml version="1.0" encoding="UTF-8"?>
<config xmlns="http://www.knime.org/2008/09/XMLConfig" xmlns:xsi="http://www.w3.org/2001/XMLSchema-instance" xsi:schemaLocation="http://www.knime.org/2008/09/XMLConfig http://www.knime.org/XMLConfig_2008_09.xsd" key="spec.xml">
    <entry key="spec_name" type="xstring" value="default"/>
    <entry key="number_columns" type="xint" value="16"/>
    <config key="column_spec_0">
        <entry key="column_name" type="xstring" value="Annee"/>
        <config key="element_names">
            <entry key="array-size" type="xint" value="0"/>
        </config>
        <config key="column_type">
            <entry key="cell_class" type="xstring" value="org.knime.core.data.def.FuzzyIntervalCell"/>
        </config>
        <config key="column_domain">
            <config key="lower_bound">
                <entry key="datacell" type="xstring" value="org.knime.core.data.def.IntCell"/>
                <config key="org.knime.core.data.def.IntCell">
                    <entry key="IntCell" type="xint" value="2011"/>
                </config>
            </config>
            <config key="upper_bound">
                <entry key="datacell" type="xstring" value="org.knime.core.data.def.IntCell"/>
                <config key="org.knime.core.data.def.IntCell">
                    <entry key="IntCell" type="xint" value="2012"/>
                </config>
            </config>
        </config>
        <config key="column_properties"/>
        <config key="meta_data"/>
    </config>
    <config key="column_spec_1">
        <entry key="column_name" type="xstring" value="Mois"/>
        <config key="element_names">
            <entry key="array-size" type="xint" value="0"/>
        </config>
        <config key="column_type">
            <entry key="cell_class" type="xstring" value="org.knime.core.data.def.FuzzyIntervalCell"/>
        </config>
        <config key="column_domain">
            <config key="lower_bound">
                <entry key="datacell" type="xstring" value="org.knime.core.data.def.IntCell"/>
                <config key="org.knime.core.data.def.IntCell">
                    <entry key="IntCell" type="xint" value="1"/>
                </config>
            </config>
            <config key="upper_bound">
                <entry key="datacell" type="xstring" value="org.knime.core.data.def.IntCell"/>
                <config key="org.knime.core.data.def.IntCell">
                    <entry key="IntCell" type="xint" value="12"/>
                </config>
            </config>
        </config>
        <config key="column_properties"/>
        <config key="meta_data"/>
    </config>
    <config key="column_spec_2">
        <entry key="column_name" type="xstring" value="Saison"/>
        <config key="element_names">
            <entry key="array-size" type="xint" value="0"/>
        </config>
        <config key="column_type">
            <entry key="cell_class" type="xstring" value="org.knime.core.data.def.FuzzyIntervalCell"/>
        </config>
        <config key="column_domain">
            <config key="lower_bound">
                <entry key="datacell" type="xstring" value="org.knime.core.data.def.IntCell"/>
                <config key="org.knime.core.data.def.IntCell">
                    <entry key="IntCell" type="xint" value="1"/>
                </config>
            </config>
            <config key="upper_bound">
                <entry key="datacell" type="xstring" value="org.knime.core.data.def.IntCell"/>
                <config key="org.knime.core.data.def.IntCell">
                    <entry key="IntCell" type="xint" value="4"/>
                </config>
            </config>
        </config>
        <config key="column_properties"/>
        <config key="meta_data"/>
    </config>
    <config key="column_spec_3">
        <entry key="column_name" type="xstring" value="JourFerie"/>
        <config key="element_names">
            <entry key="array-size" type="xint" value="0"/>
        </config>
        <config key="column_type">
            <entry key="cell_class" type="xstring" value="org.knime.core.data.def.FuzzyIntervalCell"/>
        </config>
        <config key="column_domain">
            <config key="lower_bound">
                <entry key="datacell" type="xstring" value="org.knime.core.data.def.IntCell"/>
                <config key="org.knime.core.data.def.IntCell">
                    <entry key="IntCell" type="xint" value="0"/>
                </config>
            </config>
            <config key="upper_bound">
                <entry key="datacell" type="xstring" value="org.knime.core.data.def.IntCell"/>
                <config key="org.knime.core.data.def.IntCell">
                    <entry key="IntCell" type="xint" value="1"/>
                </config>
            </config>
        </config>
        <config key="column_properties"/>
        <config key="meta_data"/>
    </config>
    <config key="column_spec_4">
        <entry key="column_name" type="xstring" value="JourSemaine"/>
        <config key="element_names">
            <entry key="array-size" type="xint" value="0"/>
        </config>
        <config key="column_type">
            <entry key="cell_class" type="xstring" value="org.knime.core.data.def.FuzzyIntervalCell"/>
        </config>
        <config key="column_domain">
            <config key="lower_bound">
                <entry key="datacell" type="xstring" value="org.knime.core.data.def.IntCell"/>
                <config key="org.knime.core.data.def.IntCell">
                    <entry key="IntCell" type="xint" value="0"/>
                </config>
            </config>
            <config key="upper_bound">
                <entry key="datacell" type="xstring" value="org.knime.core.data.def.IntCell"/>
                <config key="org.knime.core.data.def.IntCell">
                    <entry key="IntCell" type="xint" value="6"/>
                </config>
            </config>
        </config>
        <config key="column_properties"/>
        <config key="meta_data"/>
    </config>
    <config key="column_spec_5">
        <entry key="column_name" type="xstring" value="JourTravail"/>
        <config key="element_names">
            <entry key="array-size" type="xint" value="0"/>
        </config>
        <config key="column_type">
            <entry key="cell_class" type="xstring" value="org.knime.core.data.def.FuzzyIntervalCell"/>
        </config>
        <config key="column_domain">
            <config key="lower_bound">
                <entry key="datacell" type="xstring" value="org.knime.core.data.def.IntCell"/>
                <config key="org.knime.core.data.def.IntCell">
                    <entry key="IntCell" type="xint" value="0"/>
                </config>
            </config>
            <config key="upper_bound">
                <entry key="datacell" type="xstring" value="org.knime.core.data.def.IntCell"/>
                <config key="org.knime.core.data.def.IntCell">
                    <entry key="IntCell" type="xint" value="1"/>
                </config>
            </config>
        </config>
        <config key="column_properties"/>
        <config key="meta_data"/>
    </config>
    <config key="column_spec_6">
        <entry key="column_name" type="xstring" value="Meteo"/>
        <config key="element_names">
            <entry key="array-size" type="xint" value="0"/>
        </config>
        <config key="column_type">
            <entry key="cell_class" type="xstring" value="org.knime.core.data.def.FuzzyIntervalCell"/>
        </config>
        <config key="column_domain">
            <config key="lower_bound">
                <entry key="datacell" type="xstring" value="org.knime.core.data.def.IntCell"/>
                <config key="org.knime.core.data.def.IntCell">
                    <entry key="IntCell" type="xint" value="1"/>
                </config>
            </config>
            <config key="upper_bound">
                <entry key="datacell" type="xstring" value="org.knime.core.data.def.IntCell"/>
                <config key="org.knime.core.data.def.IntCell">
                    <entry key="IntCell" type="xint" value="3"/>
                </config>
            </config>
        </config>
        <config key="column_properties"/>
        <config key="meta_data"/>
    </config>
    <config key="column_spec_7">
        <entry key="column_name" type="xstring" value="Temperature"/>
        <config key="element_names">
            <entry key="array-size" type="xint" value="0"/>
        </config>
        <config key="column_type">
            <entry key="cell_class" type="xstring" value="org.knime.core.data.def.FuzzyIntervalCell"/>
        </config>
        <config key="column_domain">
            <config key="lower_bound">
                <entry key="datacell" type="xstring" value="org.knime.core.data.def.IntCell"/>
                <config key="org.knime.core.data.def.IntCell">
                    <entry key="IntCell" type="xint" value="2"/>
                </config>
            </config>
            <config key="upper_bound">
                <entry key="datacell" type="xstring" value="org.knime.core.data.def.IntCell"/>
                <config key="org.knime.core.data.def.IntCell">
                    <entry key="IntCell" type="xint" value="35"/>
                </config>
            </config>
        </config>
        <config key="column_properties"/>
        <config key="meta_data"/>
    </config>
    <config key="column_spec_8">
        <entry key="column_name" type="xstring" value="TemperatureRessentie"/>
        <config key="element_names">
            <entry key="array-size" type="xint" value="0"/>
        </config>
        <config key="column_type">
            <entry key="cell_class" type="xstring" value="org.knime.core.data.def.FuzzyIntervalCell"/>
        </config>
        <config key="column_domain">
            <config key="lower_bound">
                <entry key="datacell" type="xstring" value="org.knime.core.data.def.IntCell"/>
                <config key="org.knime.core.data.def.IntCell">
                    <entry key="IntCell" type="xint" value="4"/>
                </config>
            </config>
            <config key="upper_bound">
                <entry key="datacell" type="xstring" value="org.knime.core.data.def.IntCell"/>
                <config key="org.knime.core.data.def.IntCell">
                    <entry key="IntCell" type="xint" value="42"/>
                </config>
            </config>
        </config>
        <config key="column_properties"/>
        <config key="meta_data"/>
    </config>
    <config key="column_spec_9">
        <entry key="column_name" type="xstring" value="Humidex"/>
        <config key="element_names">
            <entry key="array-size" type="xint" value="0"/>
        </config>
        <config key="column_type">
            <entry key="cell_class" type="xstring" value="org.knime.core.data.def.FuzzyIntervalCell"/>
        </config>
        <config key="column_domain">
            <config key="lower_bound">
                <entry key="datacell" type="xstring" value="org.knime.core.data.def.IntCell"/>
                <config key="org.knime.core.data.def.IntCell">
                    <entry key="IntCell" type="xint" value="0"/>
                </config>
            </config>
            <config key="upper_bound">
                <entry key="datacell" type="xstring" value="org.knime.core.data.def.IntCell"/>
                <config key="org.knime.core.data.def.IntCell">
                    <entry key="IntCell" type="xint" value="97"/>
                </config>
            </config>
        </config>
        <config key="column_properties"/>
        <config key="meta_data"/>
    </config>
    <config key="column_spec_10">
        <entry key="column_name" type="xstring" value="VitesseVent"/>
        <config key="element_names">
            <entry key="array-size" type="xint" value="0"/>
        </config>
        <config key="column_type">
            <entry key="cell_class" type="xstring" value="org.knime.core.data.def.FuzzyIntervalCell"/>
        </config>
        <config key="column_domain">
            <config key="lower_bound">
                <entry key="datacell" type="xstring" value="org.knime.core.data.def.IntCell"/>
                <config key="org.knime.core.data.def.IntCell">
                    <entry key="IntCell" type="xint" value="2"/>
                </config>
            </config>
            <config key="upper_bound">
                <entry key="datacell" type="xstring" value="org.knime.core.data.def.IntCell"/>
                <config key="org.knime.core.data.def.IntCell">
                    <entry key="IntCell" type="xint" value="34"/>
                </config>
            </config>
        </config>
        <config key="column_properties"/>
        <config key="meta_data"/>
    </config>
    <config key="column_spec_11">
        <entry key="column_name" type="xstring" value="HauteDemande"/>
        <config key="element_names">
            <entry key="array-size" type="xint" value="0"/>
        </config>
        <config key="column_type">
            <entry key="cell_class" type="xstring" value="org.knime.core.data.def.IntCell"/>
        </config>
        <config key="column_domain">
            <config key="possible_values">
                <entry key="array-size" type="xint" value="2"/>
                <config key="0">
                    <entry key="datacell" type="xstring" value="org.knime.core.data.def.IntCell"/>
                    <config key="org.knime.core.data.def.IntCell">
                        <entry key="IntCell" type="xint" value="0"/>
                    </config>
                </config>
                <config key="1">
                    <entry key="datacell" type="xstring" value="org.knime.core.data.def.IntCell"/>
                    <config key="org.knime.core.data.def.IntCell">
                        <entry key="IntCell" type="xint" value="1"/>
                    </config>
                </config>
            </config>
        </config>
        <config key="column_properties"/>
        <config key="meta_data"/>
    </config>
    <config key="column_spec_12">
        <entry key="column_name" type="xstring" value="Weight"/>
        <config key="element_names">
            <entry key="array-size" type="xint" value="0"/>
        </config>
        <config key="column_type">
            <entry key="cell_class" type="xstring" value="org.knime.core.data.def.IntCell"/>
        </config>
        <config key="column_domain"/>
        <config key="column_properties"/>
        <config key="meta_data"/>
    </config>
    <config key="column_spec_13">
        <entry key="column_name" type="xstring" value="Spread"/>
        <config key="element_names">
            <entry key="array-size" type="xint" value="0"/>
        </config>
        <config key="column_type">
            <entry key="cell_class" type="xstring" value="org.knime.core.data.def.DoubleCell"/>
        </config>
        <config key="column_domain"/>
        <config key="column_properties"/>
        <config key="meta_data"/>
    </config>
    <config key="column_spec_14">
        <entry key="column_name" type="xstring" value="Features"/>
        <config key="element_names">
            <entry key="array-size" type="xint" value="0"/>
        </config>
        <config key="column_type">
            <entry key="cell_class" type="xstring" value="org.knime.core.data.def.IntCell"/>
        </config>
        <config key="column_domain"/>
        <config key="column_properties"/>
        <config key="meta_data"/>
    </config>
    <config key="column_spec_15">
        <entry key="column_name" type="xstring" value="Variance"/>
        <config key="element_names">
            <entry key="array-size" type="xint" value="0"/>
        </config>
        <config key="column_type">
            <entry key="cell_class" type="xstring" value="org.knime.core.data.def.DoubleCell"/>
        </config>
        <config key="column_domain"/>
        <config key="column_properties"/>
        <config key="meta_data"/>
    </config>
</config>
