<?xml version="1.0" encoding="UTF-8"?>
<config xmlns="http://www.knime.org/2008/09/XMLConfig" xmlns:xsi="http://www.w3.org/2001/XMLSchema-instance" xsi:schemaLocation="http://www.knime.org/2008/09/XMLConfig http://www.knime.org/XMLConfig_2008_09.xsd" key="MiningSchema">
    <config key="learning">
        <entry key="array-size" type="xint" value="6"/>
        <entry key="0" type="xstring" value="An_Debut_Invalidite"/>
        <entry key="1" type="xstring" value="Mois_Debut_Invalidite"/>
        <entry key="2" type="xstring" value="Duree_Delai_Attente"/>
        <entry key="3" type="xstring" value="Annee_Naissance"/>
        <entry key="4" type="xstring" value="Code_Emploi"/>
        <entry key="5" type="xstring" value="Salaire_Annuel"/>
    </config>
    <config key="target">
        <entry key="array-size" type="xint" value="1"/>
        <entry key="0" type="xstring" value="Duree_Invalidite_binned"/>
    </config>
</config>
