<?xml version="1.0" encoding="UTF-8"?>
<config xmlns="http://www.knime.org/2008/09/XMLConfig" xmlns:xsi="http://www.w3.org/2001/XMLSchema-instance" xsi:schemaLocation="http://www.knime.org/2008/09/XMLConfig http://www.knime.org/XMLConfig_2008_09.xsd" key="MiningSchema">
    <config key="learning">
        <entry key="array-size" type="xint" value="11"/>
        <entry key="0" type="xstring" value="Mois"/>
        <entry key="1" type="xstring" value="Saison"/>
        <entry key="2" type="xstring" value="JourFerie"/>
        <entry key="3" type="xstring" value="JourSemaine"/>
        <entry key="4" type="xstring" value="JourTravail"/>
        <entry key="5" type="xstring" value="Meteo"/>
        <entry key="6" type="xstring" value="Temperature"/>
        <entry key="7" type="xstring" value="TemperatureRessentie"/>
        <entry key="8" type="xstring" value="Humidex"/>
        <entry key="9" type="xstring" value="VitesseVent"/>
        <entry key="10" type="xstring" value="HauteDemande"/>
    </config>
    <config key="target">
        <entry key="array-size" type="xint" value="0"/>
    </config>
</config>
