<?xml version="1.0" encoding="UTF-8"?>
<config xmlns="http://www.knime.org/2008/09/XMLConfig" xmlns:xsi="http://www.w3.org/2001/XMLSchema-instance" xsi:schemaLocation="http://www.knime.org/2008/09/XMLConfig http://www.knime.org/XMLConfig_2008_09.xsd" key="MiningSchema">
    <config key="learning">
        <entry key="array-size" type="xint" value="20"/>
        <entry key="0" type="xstring" value="An_Debut_Invalidite"/>
        <entry key="1" type="xstring" value="Mois_Debut_Invalidite"/>
        <entry key="2" type="xstring" value="Sexe"/>
        <entry key="3" type="xstring" value="Annee_Naissance"/>
        <entry key="4" type="xstring" value="Code_Emploi"/>
        <entry key="5" type="xstring" value="Salaire_Annuel"/>
        <entry key="6" type="xstring" value="Age_debut_Invalid"/>
        <entry key="7" type="xstring" value="saison_invalid"/>
        <entry key="8" type="xstring" value="est_zone_rurale"/>
        <entry key="9" type="xstring" value="province_region"/>
        <entry key="10" type="xstring" value="categ_salaire"/>
        <entry key="11" type="xstring" value="categ_delai_attente"/>
        <entry key="12" type="xstring" value="est_cancer"/>
        <entry key="13" type="xstring" value="est_depression"/>
        <entry key="14" type="xstring" value="est_major_depressive"/>
        <entry key="15" type="xstring" value="est_see_file"/>
        <entry key="16" type="xstring" value="est_coronary_disease"/>
        <entry key="17" type="xstring" value="est_back_pain"/>
        <entry key="18" type="xstring" value="est_arthritis"/>
        <entry key="19" type="xstring" value="est_disorder"/>
    </config>
    <config key="target">
        <entry key="array-size" type="xint" value="1"/>
        <entry key="0" type="xstring" value="categ_duree_invalid"/>
    </config>
</config>
