<?xml version="1.0" encoding="UTF-8"?>
<config xmlns="http://www.knime.org/2008/09/XMLConfig" xmlns:xsi="http://www.w3.org/2001/XMLSchema-instance" xsi:schemaLocation="http://www.knime.org/2008/09/XMLConfig http://www.knime.org/XMLConfig_2008_09.xsd" key="model.xml">
    <entry key="version" type="xint" value="1"/>
    <entry key="class_name" type="xstring" value="org.knime.base.algorithms.outlier.NumericOutliersPortObjectSpec"/>
    <config key="model">
        <config key="group-col-types">
            <entry key="array-size" type="xint" value="2"/>
            <config key="0">
                <entry key="cell_class" type="xstring" value="org.knime.core.data.def.StringCell"/>
                <entry key="is_null" type="xboolean" value="false"/>
            </config>
            <config key="1">
                <entry key="cell_class" type="xstring" value="org.knime.core.data.def.StringCell"/>
                <entry key="is_null" type="xboolean" value="false"/>
            </config>
        </config>
        <config key="groups">
            <entry key="array-size" type="xint" value="2"/>
            <entry key="0" type="xstring" value="Produit"/>
            <entry key="1" type="xstring" value="Fournisseur"/>
        </config>
        <config key="outliers">
            <entry key="array-size" type="xint" value="12"/>
            <entry key="0" type="xstring" value="PommesTraitesKg"/>
            <entry key="1" type="xstring" value="TempsPressageHeure"/>
            <entry key="2" type="xstring" value="EauLavage"/>
            <entry key="3" type="xstring" value="PressionMaxPressagePsi"/>
            <entry key="4" type="xstring" value="ProductionLitre"/>
            <entry key="5" type="xstring" value="RendementLitrePerKg"/>
            <entry key="6" type="xstring" value="CoutDollarPerLitre"/>
            <entry key="7" type="xstring" value="PoidsNominalTonne"/>
            <entry key="8" type="xstring" value="PctMcIntosh"/>
            <entry key="9" type="xstring" value="PctSpartan"/>
            <entry key="10" type="xstring" value="PctEmpire"/>
            <entry key="11" type="xstring" value="PctCortland"/>
        </config>
    </config>
</config>
