GameID,Hole1,Hole2,Hole3,Hole4,Hole5,Hole6,Hole7,Hole8,Hole9,Hole10,Hole11,Hole12,Hole13,Hole14,Hole15,Hole16,Hole17,Hole18,TotalScore
1,4,6,5,4,6,5,5,3,5,4,5,4,4,6,4,5,4,6,85
2,3,5,4,4,5,5,6,3,4,5,5,5,4,5,3,4,3,4,77
3,5,4,6,4,7,4,5,3,5,6,6,5,4,5,3,5,3,3,83
4,4,4,7,3,6,4,4,4,5,7,5,7,4,6,3,6,3,4,86
5,4,7,6,4,5,4,5,3,4,6,9,6,3,5,4,5,3,4,87
6,4,5,3,4,5,4,7,3,5,7,5,4,3,5,4,4,6,5,83
7,5,4,4,4,5,3,4,3,4,4,4,3,5,4,3,4,3,4,70
8,4,5,4,3,6,5,4,3,4,6,6,5,4,6,4,5,3,4,81
9,5,8,5,4,6,5,4,3,5,8,6,4,4,6,4,5,5,5,92
10,3,5,3,3,6,5,6,3,5,6,4,5,3,5,4,5,3,4,78
11,6,4,6,3,6,6,6,3,3,7,6,4,3,5,4,6,5,4,87
12,5,5,6,4,8,4,6,4,4,7,4,5,3,5,3,6,4,7,90
13,5,4,5,3,6,6,5,4,5,6,6,5,3,5,3,6,3,5,85
14,5,5,4,3,6,6,4,4,4,5,7,6,5,7,4,5,5,4,89
15,6,6,7,4,6,3,5,3,6,5,6,6,4,5,5,5,5,4,91
16,5,5,4,3,7,4,4,3,4,4,6,6,5,6,3,4,6,6,85
17,6,5,5,3,6,6,5,3,3,5,4,6,3,5,4,5,6,5,85
18,3,3,3,4,6,5,7,3,4,6,5,6,4,4,5,5,4,5,82
19,6,3,5,4,5,3,7,3,5,7,5,5,4,5,3,5,3,6,84
20,6,5,4,3,6,4,6,4,4,7,4,5,3,4,5,4,4,5,83
21,5,5,6,4,8,4,6,4,4,7,4,5,3,5,3,6,4,7,90
22,4,5,3,4,6,6,4,4,5,7,5,4,3,4,3,4,3,4,78
23,4,4,5,3,6,3,5,3,4,5,4,5,4,4,3,6,3,4,75
24,3,3,7,3,6,4,4,4,5,8,5,7,3,7,3,6,3,5,86
25,5,4,4,5,6,5,4,4,5,5,6,5,4,8,3,6,3,4,86
26,4,6,3,4,8,5,6,4,5,6,7,5,4,7,6,6,5,6,97
27,5,5,4,4,5,4,5,4,4,6,6,5,5,5,4,4,3,6,84
28,4,5,4,4,7,5,5,3,4,5,4,5,3,4,4,5,4,6,81
29,5,6,5,3,6,5,3,4,4,6,5,6,4,6,3,6,4,4,85
30,5,6,5,6,7,4,6,4,5,4,8,5,4,5,3,7,3,6,93
31,5,6,4,4,5,4,7,3,5,7,6,4,3,5,4,4,5,5,86
32,3,5,6,4,7,4,5,3,4,5,6,4,3,4,4,4,4,4,79
33,5,4,4,4,7,6,5,5,7,6,4,7,3,5,4,4,5,7,92
34,4,4,3,4,6,3,5,3,4,4,4,4,3,4,3,5,3,4,70
35,5,5,5,5,8,4,4,4,5,6,4,4,5,4,4,7,3,6,88
36,5,5,6,3,7,5,4,4,5,7,5,4,3,6,5,6,3,4,87
37,6,5,4,5,7,4,5,5,5,5,6,5,4,5,4,4,4,6,89
38,4,5,7,5,7,4,6,3,5,6,4,4,8,5,4,6,3,7,93
39,4,3,6,4,6,5,6,3,4,5,5,5,3,5,4,4,4,6,82
40,3,3,8,3,6,3,5,3,5,7,5,6,3,7,3,6,3,4,83
41,4,4,4,3,6,6,5,4,4,5,7,6,5,7,4,5,6,5,90
42,5,6,4,3,5,4,3,3,4,4,5,5,3,5,4,4,3,5,75
43,3,5,5,4,5,6,5,4,7,8,8,7,4,7,6,6,6,6,102
44,4,4,6,3,7,4,6,3,4,6,4,4,3,4,3,4,3,5,77
45,6,6,5,5,9,9,7,4,5,6,4,5,7,4,6,4,4,7,103
46,4,5,6,3,6,5,4,3,4,6,5,5,4,7,4,5,3,4,83
47,6,4,7,3,8,4,5,3,5,8,3,5,3,5,3,5,3,6,86
48,5,7,5,3,7,5,3,4,6,7,6,6,4,6,4,6,3,4,91
49,5,5,6,3,6,4,5,3,4,5,7,5,4,6,4,5,5,4,86
50,4,5,7,5,6,4,5,3,4,5,6,4,3,4,5,5,4,4,83
51,4,5,7,3,6,5,6,3,4,6,5,5,4,7,4,5,3,5,87
52,3,5,6,3,6,6,5,4,5,7,6,6,4,5,4,5,4,5,89
53,4,3,4,3,5,5,4,4,4,6,5,5,3,6,3,4,3,6,77
54,6,3,3,4,5,6,6,3,5,6,6,6,3,5,3,5,4,5,84
55,4,4,4,3,5,4,3,4,4,6,7,5,4,5,3,4,4,4,77
56,7,6,4,4,6,3,4,3,4,6,5,5,3,6,3,4,3,5,81
57,5,4,3,3,6,4,6,4,4,7,4,5,3,4,5,4,4,5,80
58,6,6,6,5,5,5,5,7,5,6,4,6,4,5,4,5,3,6,93
59,4,5,6,3,6,3,6,3,3,5,6,4,4,6,4,4,5,4,81
60,5,6,4,4,5,5,7,4,5,7,6,5,3,6,4,4,5,6,91
61,6,4,5,3,6,5,5,4,4,6,5,5,4,6,3,6,4,8,89
62,7,3,5,4,5,4,4,3,7,4,7,6,3,4,3,5,4,6,84
63,5,7,4,3,6,5,4,3,4,6,5,6,5,5,5,5,4,4,86
64,4,4,5,3,5,4,6,3,3,5,6,5,4,3,4,5,3,5,77
65,6,4,7,5,6,3,5,3,4,6,5,5,3,5,3,5,3,4,82
66,3,5,5,3,5,5,3,4,4,5,3,5,4,8,3,4,3,4,76
67,7,5,4,4,6,4,4,3,4,5,4,4,3,4,3,5,3,4,76
68,7,5,7,4,5,4,5,4,6,6,4,5,3,5,6,4,3,6,89
69,5,6,4,3,8,3,5,3,4,5,3,5,3,4,3,5,3,6,78
70,7,6,4,4,6,3,4,3,4,6,6,5,3,6,3,4,3,5,82
71,3,5,6,3,6,6,5,4,5,7,6,6,4,5,4,5,4,5,89
72,5,7,4,3,6,5,4,3,4,7,5,6,5,5,5,5,4,4,87
73,5,4,4,4,7,5,4,4,5,7,6,6,5,6,3,5,3,3,86
74,5,4,4,4,6,4,4,3,4,8,4,4,4,5,3,5,3,4,78
75,4,6,6,3,8,6,5,3,5,6,5,7,3,5,4,4,6,7,93
76,4,4,4,3,5,4,4,3,4,5,4,5,3,4,3,4,3,5,71
77,4,4,7,4,6,4,5,3,4,5,4,5,3,5,4,6,6,7,86
78,5,5,3,3,7,4,3,3,4,4,5,6,5,6,3,4,6,4,80
79,4,4,4,3,6,7,4,3,4,9,5,6,3,5,4,5,3,6,85
80,6,4,7,7,7,6,5,4,4,8,5,6,5,5,5,5,4,5,98
81,5,5,4,5,6,7,5,4,4,7,5,7,4,5,4,6,4,5,92
82,4,4,7,3,8,6,6,6,8,6,4,7,4,4,6,7,3,4,97
83,7,6,4,5,6,6,7,3,5,6,5,5,4,5,3,6,3,5,91
84,6,4,3,4,6,4,4,3,4,5,4,4,3,4,3,5,3,4,73
85,3,4,3,4,5,5,6,3,4,5,5,5,4,5,3,4,3,4,75
86,6,4,5,3,6,4,5,3,4,6,6,6,3,4,6,4,3,7,85
87,4,4,6,3,5,7,5,3,5,7,4,4,3,4,3,5,3,4,79
88,5,4,4,4,6,6,6,4,4,6,6,7,8,5,3,5,3,6,92
89,4,3,4,3,3,5,4,3,5,7,5,6,3,5,3,5,5,7,80
90,5,6,4,4,6,5,3,4,5,6,5,6,4,5,4,5,3,4,84
91,3,3,3,4,6,5,5,3,5,5,5,5,5,4,4,5,3,5,78
92,5,4,6,3,6,4,5,4,4,6,4,4,3,4,4,5,3,5,79
93,5,7,6,3,6,3,7,4,6,5,5,4,3,5,3,5,3,5,85
94,5,5,7,4,6,4,4,4,4,7,7,4,3,4,3,5,4,3,83
95,4,5,3,3,6,7,4,5,5,7,4,5,3,4,4,4,3,5,81
96,4,3,4,5,7,5,5,6,4,6,5,5,3,5,3,5,3,6,84
97,5,4,4,3,6,5,4,5,4,7,4,5,3,5,4,5,3,4,80
98,4,5,5,3,4,7,6,3,5,5,6,6,3,4,3,5,5,4,83
99,4,6,4,3,6,5,4,3,4,7,5,6,4,5,4,5,4,5,84
100,3,4,4,4,6,4,4,4,4,5,4,4,4,6,3,5,4,5,77
101,3,5,6,3,8,4,6,3,7,7,4,7,3,4,3,5,5,4,87
102,5,4,5,5,6,7,6,4,4,7,5,9,4,6,4,4,4,6,95
103,4,8,4,3,4,4,4,3,4,7,5,5,3,5,3,5,5,3,79
104,5,5,5,3,7,4,4,4,4,6,4,5,6,5,4,4,3,7,85
105,3,3,4,3,5,5,3,3,4,6,3,5,3,4,3,5,4,4,70
106,4,4,5,4,6,3,5,4,5,6,5,9,3,4,3,4,4,5,83
107,4,4,6,7,5,4,5,4,4,4,6,5,4,3,5,5,3,4,82
108,4,5,7,4,6,5,4,4,4,7,6,6,4,5,3,5,4,5,88
109,3,6,4,4,5,4,3,3,5,6,4,6,3,5,3,4,4,5,77
110,4,4,5,4,5,6,4,4,5,5,5,5,5,4,5,4,3,5,82
111,4,5,6,5,6,5,5,4,4,5,6,5,4,5,5,5,4,5,88
112,4,4,3,3,9,6,5,3,5,5,6,7,4,5,4,5,3,5,86
113,4,4,4,4,5,3,4,3,4,5,6,5,3,4,3,4,3,3,71
114,4,5,4,3,5,4,4,3,4,4,5,5,3,5,4,4,3,7,76
115,4,6,5,5,6,6,5,3,5,5,4,6,4,5,4,8,5,6,92
116,6,5,5,4,7,4,5,4,4,7,9,5,6,4,5,5,4,4,93
117,4,4,5,3,5,4,5,3,4,5,3,7,5,4,3,5,3,5,77
118,4,5,8,4,6,4,5,4,4,5,6,7,3,5,5,4,5,6,90
119,3,4,4,3,7,5,4,4,4,5,5,5,4,5,3,5,3,3,76
120,4,4,4,4,6,4,7,3,4,6,5,5,3,3,5,5,4,4,80
121,4,4,4,3,5,5,6,5,5,6,4,6,3,4,4,4,4,5,81
122,5,7,4,3,7,6,4,3,4,7,5,5,4,6,3,5,3,4,85
123,5,5,5,4,6,7,5,4,6,6,7,5,4,5,4,4,3,6,91
124,5,6,6,4,6,5,4,4,5,5,5,5,4,6,5,4,4,4,87
125,3,4,6,3,6,5,5,3,4,7,5,5,3,7,3,5,3,5,82
126,5,7,6,3,7,4,5,3,4,7,5,4,3,5,3,5,3,4,83
127,3,3,3,3,5,5,3,3,5,6,4,5,3,4,3,4,4,5,71
128,4,7,5,3,7,5,5,4,5,8,9,5,5,5,5,8,3,5,98
129,6,4,3,4,7,5,4,5,4,7,4,5,4,6,3,6,5,4,86
130,6,4,5,3,5,4,5,3,4,6,6,5,4,5,4,6,3,5,83
131,4,6,4,3,6,5,6,3,5,6,4,5,3,5,4,5,3,4,81
132,5,5,4,3,9,4,5,3,5,5,7,6,3,4,4,5,3,4,84
133,4,5,3,3,5,6,4,3,4,4,5,5,5,4,3,4,3,4,74
134,4,6,6,4,6,6,5,5,5,6,6,5,3,6,3,3,3,5,87
135,6,5,4,5,7,3,5,4,5,5,6,4,3,4,4,4,4,5,83
136,3,4,3,4,8,5,3,3,7,4,4,6,3,4,3,5,3,5,77
137,4,4,4,5,8,4,3,4,5,7,4,4,4,4,3,7,3,6,83
138,4,4,3,3,5,4,4,3,5,5,4,4,3,3,4,4,4,4,70
139,4,7,6,3,7,4,5,3,5,8,8,4,4,4,5,8,3,4,92
140,5,5,4,4,5,6,4,3,5,6,5,5,3,3,4,5,3,4,79
141,4,4,3,4,5,6,3,4,4,5,6,5,4,4,4,7,3,4,79
142,5,6,5,6,7,4,6,4,5,4,9,5,4,5,3,7,3,6,94
143,4,5,4,4,5,4,5,3,4,5,4,5,3,4,3,5,3,5,75
144,4,4,3,4,7,5,4,4,4,6,6,6,3,5,3,4,3,4,79
145,7,5,5,4,6,7,4,4,4,6,6,5,4,5,4,6,3,6,91
146,7,5,4,4,6,5,4,3,4,5,4,5,3,5,3,5,3,5,80
147,7,5,6,5,6,5,4,3,4,5,5,5,4,5,5,6,3,6,89
148,5,4,5,4,5,3,5,3,4,5,5,5,3,5,4,5,3,4,77
149,4,5,7,5,5,4,6,3,6,5,6,5,4,5,4,6,4,5,89
150,5,5,5,4,5,6,5,3,5,6,5,5,3,3,4,5,3,5,82
151,7,5,5,4,5,5,4,5,6,7,4,6,4,6,6,4,3,5,91
152,4,5,3,4,5,5,4,3,4,7,4,5,3,5,3,4,3,4,75
153,4,5,3,4,6,4,4,4,4,6,6,5,4,5,4,6,4,4,82
154,4,3,7,4,6,4,6,3,4,5,6,4,3,4,4,4,4,5,80
155,5,4,3,4,6,7,3,3,5,6,4,5,4,4,4,4,3,4,78
156,3,3,4,3,4,6,4,4,4,6,4,6,3,5,3,4,3,5,74
157,6,5,4,4,5,6,4,4,6,7,6,6,3,5,4,4,3,5,87
158,5,6,3,3,8,4,4,3,4,6,3,6,3,5,3,5,3,5,79
159,6,4,4,3,6,4,4,3,4,6,5,6,3,4,6,4,3,5,80
160,4,5,3,3,6,7,4,5,5,7,4,5,3,4,4,4,3,5,81
161,4,5,8,4,6,4,5,4,4,5,7,7,3,5,5,4,5,6,91
162,4,3,3,5,5,5,3,3,3,7,5,5,4,5,3,4,3,6,76
163,4,4,3,4,6,5,4,3,5,5,5,5,5,4,4,5,3,4,78
164,5,4,5,6,8,5,6,4,6,6,6,5,5,4,4,4,4,5,92
165,4,5,7,4,7,4,5,4,5,5,4,5,4,5,4,5,3,6,86
166,7,6,4,4,6,4,4,4,4,6,6,6,4,7,3,4,3,6,88
167,3,3,4,3,5,5,4,3,4,7,4,5,4,5,4,6,3,5,77
168,4,6,4,3,6,4,6,3,5,6,4,4,3,4,4,5,3,3,77
169,5,4,4,4,8,6,4,3,4,8,5,5,4,6,3,3,4,5,85
170,7,6,5,4,5,6,5,4,6,6,7,6,3,5,5,4,3,5,92
171,8,4,5,4,5,4,4,3,7,4,7,6,3,4,3,5,4,4,84
172,4,4,3,4,7,3,4,3,4,7,5,5,3,6,3,4,3,6,78
173,5,6,5,4,7,5,6,5,6,8,5,6,4,6,4,6,6,6,100
174,3,5,5,4,7,5,5,3,4,5,6,5,4,5,4,4,4,5,83
175,4,5,4,4,6,5,4,4,5,8,5,4,3,8,3,6,4,6,88
176,3,3,3,4,7,5,5,4,4,6,6,6,3,5,3,4,3,5,79
177,5,5,5,3,6,6,5,4,4,5,7,6,5,7,4,5,5,5,92
178,5,5,5,3,7,4,4,4,6,7,6,6,5,5,3,4,6,6,91
179,4,4,5,3,5,5,4,3,4,7,4,5,4,5,4,6,3,5,80
180,6,5,4,4,7,4,4,4,4,8,8,5,6,4,5,5,4,3,90
181,6,4,3,4,5,4,5,4,4,5,4,5,4,4,5,4,3,5,78
182,6,6,5,4,6,6,6,3,4,6,7,5,4,4,4,4,4,6,90
183,6,4,3,4,7,5,4,5,4,6,4,5,4,6,3,6,5,4,85
184,4,5,6,5,7,5,5,3,5,7,4,5,7,6,3,6,3,8,94
185,3,4,3,3,5,4,5,3,4,7,6,6,3,3,4,4,3,5,75
186,3,3,6,3,8,6,5,6,8,7,4,7,3,4,4,7,3,4,91
187,4,4,3,4,9,5,6,3,5,5,3,4,4,4,4,5,3,4,79
188,5,5,4,4,7,5,4,4,5,7,5,5,3,5,3,6,3,4,84
189,7,5,3,4,6,5,3,3,4,6,4,5,3,5,3,5,3,4,78
190,5,5,4,4,5,3,5,3,4,6,5,4,4,4,4,4,3,5,77
191,4,5,7,3,6,4,7,4,4,6,5,5,4,4,5,4,5,5,87
192,3,5,5,4,5,6,5,5,3,6,3,4,4,3,3,4,4,5,77
193,4,4,5,3,5,4,5,4,4,5,4,5,3,5,4,5,4,5,78
194,4,5,6,3,6,3,5,3,4,4,4,4,3,4,3,3,3,5,72
195,5,6,4,3,5,7,4,4,5,6,4,6,4,6,5,5,3,5,87
196,4,4,5,4,5,6,4,4,5,5,5,5,3,5,3,4,3,4,78
197,4,4,4,4,7,4,5,3,4,6,7,5,3,4,3,4,3,4,78
198,4,5,4,4,6,4,5,3,5,6,5,3,3,3,3,4,3,5,75
199,4,4,3,4,7,5,5,3,5,6,6,6,4,5,3,4,3,4,81
200,5,4,6,6,6,4,6,3,5,6,7,4,3,6,4,5,4,4,88
201,4,7,5,4,6,5,4,6,4,7,7,9,4,6,4,5,5,8,100
202,6,6,6,5,9,7,7,3,5,6,4,4,6,3,6,4,4,6,97
203,6,5,5,4,5,4,5,4,4,5,6,6,4,6,4,5,3,5,86
204,5,3,7,7,7,6,5,4,4,8,5,6,4,5,4,5,4,7,96
205,6,4,4,4,5,4,6,3,6,6,7,4,6,5,6,3,4,6,89
206,5,7,5,3,6,4,7,5,6,5,5,5,4,6,3,5,3,6,90
207,5,5,4,3,9,4,5,3,5,5,6,6,3,4,4,5,3,4,83
208,4,5,3,4,8,5,3,3,7,4,4,6,4,4,3,5,3,4,79
209,3,4,3,4,7,5,4,3,4,6,4,5,3,4,3,5,4,6,77
210,4,4,4,5,4,3,4,3,4,5,4,4,4,4,5,4,3,6,74
211,5,5,6,3,5,4,5,3,6,5,4,4,3,3,3,4,4,4,76
212,6,5,5,4,5,4,5,4,4,5,6,6,4,6,4,5,3,5,86
213,3,3,3,4,6,3,7,3,5,6,5,5,3,4,4,5,3,4,76
214,5,5,5,5,6,7,6,4,4,6,5,7,4,5,4,6,4,7,95
215,6,6,4,5,9,9,5,4,5,6,4,5,7,4,6,4,4,5,98
216,4,4,3,4,6,4,5,4,4,7,6,5,3,5,3,6,4,6,83
217,4,4,4,4,5,4,3,3,4,6,4,5,3,4,4,4,4,4,73
218,7,5,5,4,4,5,4,6,7,6,6,7,6,5,3,5,4,3,92
219,5,4,6,6,8,4,6,3,6,6,6,4,4,3,4,4,4,4,87
220,4,5,3,3,6,7,3,5,5,8,4,5,3,4,4,4,3,4,80
221,4,4,5,4,6,5,5,3,6,6,6,4,3,4,4,4,3,5,81
222,4,5,7,4,6,5,5,6,4,5,7,8,3,6,5,4,5,7,96
223,3,5,6,3,6,6,5,4,5,7,6,6,4,5,4,5,4,5,89
224,5,5,4,4,6,6,5,4,5,3,6,5,5,6,3,4,5,4,85
225,3,3,4,3,7,5,5,4,4,5,5,5,4,5,3,5,3,4,77
226,5,3,3,3,4,5,3,3,4,5,5,5,5,7,4,4,3,3,74
227,3,5,4,5,6,6,5,3,5,5,4,6,4,5,4,8,6,6,90
228,4,3,4,4,5,4,5,3,4,6,4,6,3,4,3,4,3,4,73
229,5,4,4,3,5,4,4,5,5,5,5,5,6,3,4,4,5,4,80
230,4,3,3,4,6,5,4,3,5,5,4,4,5,3,4,4,3,5,74
231,5,4,4,4,5,4,5,3,4,6,4,6,4,4,3,4,3,3,75
232,5,4,5,4,8,5,6,4,5,6,7,6,4,6,3,5,3,7,93
233,3,4,3,4,5,5,4,3,4,7,4,5,3,5,3,4,3,5,74
234,4,3,5,4,5,3,6,3,4,5,4,5,3,3,3,4,3,3,70
235,3,3,6,4,5,4,5,3,5,5,5,4,3,4,3,4,3,5,74
236,7,4,6,4,6,4,5,3,4,4,6,5,3,5,3,4,3,3,79
237,5,5,6,4,6,4,5,3,4,7,4,6,6,6,4,6,3,7,91
238,4,4,4,5,6,4,5,4,4,5,6,4,5,4,4,4,4,5,81
239,4,3,3,4,6,7,4,3,5,5,4,5,4,4,4,4,3,6,78
240,5,5,7,4,6,3,5,4,4,6,4,4,3,3,3,5,4,4,79
241,4,5,6,3,6,4,9,3,4,7,4,4,3,4,5,5,4,4,84
242,4,4,4,3,5,5,6,5,5,6,4,6,3,4,4,4,4,5,81
243,5,4,5,3,6,5,5,3,4,5,6,5,3,4,3,5,3,4,78
244,4,4,4,4,9,4,8,3,5,5,3,3,4,3,4,5,3,4,79
245,4,6,4,3,6,4,6,5,6,6,5,5,3,6,3,5,3,6,86
246,6,5,4,3,6,5,4,3,5,6,7,6,4,4,3,5,3,4,83
247,4,5,4,3,6,4,5,4,3,6,5,5,5,7,4,4,5,4,83
248,3,5,7,3,6,4,5,3,5,7,6,5,3,4,4,5,4,4,83
249,4,4,4,3,4,4,5,3,4,5,4,5,3,4,3,4,3,5,71
250,5,7,7,3,7,4,5,3,7,6,5,3,3,4,5,4,3,4,85
251,4,4,5,3,7,3,4,3,4,6,5,3,3,4,3,5,4,5,75
252,5,6,5,4,7,5,4,4,5,7,6,6,5,3,3,5,3,6,89
253,4,5,6,3,6,4,5,3,4,6,6,4,3,5,4,5,3,4,80
254,6,4,6,5,6,4,5,4,4,6,6,6,3,6,3,5,3,5,87
255,4,3,5,3,5,4,5,3,4,5,5,4,3,5,4,4,3,5,74
256,4,4,4,4,4,5,4,3,5,5,4,6,4,5,3,4,3,3,74
257,6,4,6,4,7,5,4,3,4,4,4,3,3,4,4,3,3,4,75
258,5,5,5,3,6,9,5,3,5,6,4,5,5,5,4,7,4,6,92
259,4,3,3,5,6,5,6,4,5,6,4,5,4,5,4,4,3,5,81
260,6,4,3,4,6,5,3,3,4,6,4,5,3,5,3,5,3,5,77
261,4,5,4,4,8,4,4,3,7,4,4,5,3,3,3,5,3,4,77
262,7,4,6,4,5,3,7,4,5,7,6,5,4,5,3,5,3,6,89
263,5,4,5,3,6,6,3,3,5,5,4,6,3,4,3,4,3,4,76
264,5,4,4,3,6,4,6,3,4,5,3,4,3,3,4,4,3,4,72
265,5,5,4,4,7,5,4,6,5,7,6,6,4,6,4,5,3,5,91
266,3,5,7,3,6,4,5,3,5,7,6,5,3,4,4,5,4,4,83
267,4,4,4,3,7,6,5,4,5,5,5,5,4,5,4,6,3,5,84
268,5,4,5,4,6,5,5,3,5,6,5,5,5,5,7,5,3,8,91
269,5,5,5,4,6,5,4,4,5,6,5,5,4,5,3,4,4,4,83
270,3,3,3,4,6,5,6,3,4,7,5,6,3,4,4,5,4,5,80
271,4,4,6,3,5,3,4,3,4,5,8,4,3,4,3,4,4,4,75
272,5,5,6,4,5,4,5,3,5,6,6,4,3,3,4,5,3,4,80
273,5,8,5,4,6,5,4,3,5,7,6,4,4,6,4,5,5,5,91
274,6,4,6,3,6,3,5,3,4,6,5,5,3,3,6,4,3,6,81
275,3,5,3,5,7,6,4,4,4,6,4,5,4,5,3,5,5,4,82
276,4,7,5,3,8,5,5,4,5,6,6,6,4,6,3,7,3,7,94
277,4,4,4,4,5,4,4,3,4,5,6,6,4,5,3,4,3,4,76
278,6,5,3,3,6,5,4,6,4,7,4,6,3,5,5,4,4,4,84
279,6,5,5,3,6,5,5,3,5,6,8,6,4,4,3,5,3,5,87
280,5,4,4,5,6,5,4,4,5,6,6,5,4,8,3,6,3,4,87
281,4,5,5,3,4,7,7,3,5,5,7,6,3,4,3,5,5,5,86
282,3,6,4,4,5,7,6,3,6,7,3,4,3,6,3,4,3,6,83
283,6,5,4,5,6,4,5,3,5,5,6,5,5,3,3,5,3,4,82
284,4,4,6,4,6,4,5,3,4,9,6,4,3,4,3,4,4,7,84
285,3,7,5,3,4,3,5,3,4,6,5,4,3,4,3,5,6,3,76
286,5,5,5,4,6,4,5,6,5,6,6,5,4,5,3,4,4,6,88
287,3,4,5,4,6,3,4,3,4,5,4,3,3,5,3,5,4,4,72
288,7,5,5,4,7,6,5,3,6,7,5,5,5,6,4,8,4,6,98
289,3,4,7,4,6,4,5,4,4,5,6,7,3,5,5,4,6,6,88
290,6,4,5,3,6,8,6,3,3,7,6,5,3,6,4,6,5,5,91
291,6,4,6,5,6,4,4,3,4,5,5,4,3,4,5,6,3,5,82
292,5,4,4,4,7,6,5,5,7,6,4,7,3,5,4,4,5,7,92
293,3,4,4,4,5,4,8,3,4,5,4,4,3,4,3,4,3,5,74
294,7,4,4,4,5,6,7,3,5,5,6,6,4,5,4,5,4,5,89
295,8,5,4,5,8,4,5,4,6,5,7,8,4,5,5,7,5,4,99
296,5,4,6,6,8,4,6,3,6,6,5,4,4,3,4,4,4,4,86
297,4,6,3,4,8,5,5,4,5,5,7,5,4,7,6,6,5,6,95
298,5,5,6,4,6,4,5,3,4,7,4,6,6,6,4,6,3,7,91
299,4,4,3,4,5,3,5,3,4,6,5,4,4,4,4,4,3,5,74
300,6,4,4,3,6,8,4,3,3,7,5,5,3,6,4,6,5,4,86
301,3,6,4,4,5,7,6,3,6,7,3,4,3,6,3,4,3,6,83
302,5,6,6,4,5,3,6,4,5,5,4,4,3,4,4,5,4,4,81
303,5,4,4,4,5,4,5,3,4,4,7,6,4,4,3,6,3,5,80
304,6,3,5,4,6,3,6,3,6,6,4,6,4,4,3,5,4,6,84
305,6,4,5,3,8,6,4,3,5,8,3,6,4,6,3,5,3,5,87
306,4,6,6,4,7,5,5,3,4,5,7,5,4,5,4,4,4,5,87
307,3,3,5,3,5,3,5,3,4,5,3,6,4,3,3,5,3,4,70
308,3,4,6,4,7,4,5,4,5,5,4,5,4,5,4,5,3,6,83
309,6,4,4,4,6,7,3,4,4,7,5,5,3,5,3,6,3,6,85
310,6,7,7,4,5,3,6,3,4,5,5,3,3,4,3,4,3,4,79
311,3,3,3,4,6,4,7,3,4,6,5,5,3,3,5,5,4,4,77
312,3,3,3,4,6,5,5,4,3,6,5,6,3,5,4,3,4,5,77
313,4,3,3,3,8,4,4,3,5,7,5,5,3,6,3,5,3,4,78
314,5,4,5,4,5,6,5,3,4,6,4,4,3,4,3,6,3,6,80
315,6,6,6,5,5,5,5,7,5,6,4,6,4,5,4,5,3,6,93
316,4,5,5,3,4,6,5,4,6,5,4,5,5,6,3,5,4,5,84
317,5,3,3,4,5,5,6,4,6,6,6,5,7,6,6,3,4,7,91
318,4,4,5,3,6,4,5,3,4,5,7,5,4,6,4,5,6,4,84
319,4,4,5,3,5,4,5,3,4,5,3,7,5,4,3,5,3,5,77
320,4,4,4,3,4,4,5,3,4,5,4,5,3,4,3,4,3,5,71
321,7,5,5,3,6,6,5,3,5,6,4,6,4,6,5,5,4,8,93
322,4,6,7,4,6,4,5,4,5,6,5,4,3,5,3,3,3,4,81
323,6,4,9,7,7,4,6,3,4,7,5,5,4,4,5,5,4,6,95
324,7,6,5,4,5,6,5,4,6,6,6,6,3,5,5,4,3,5,91
325,5,6,5,4,6,5,4,4,5,5,5,6,4,5,4,5,3,6,87
326,5,5,5,4,7,5,6,6,5,7,6,6,4,6,4,5,3,7,96
327,5,5,5,4,5,6,3,4,5,6,5,5,5,4,5,4,3,4,83
328,5,4,6,5,6,4,5,3,5,5,6,4,3,7,3,6,3,5,85
329,6,4,4,4,5,5,6,4,6,6,7,5,7,6,6,3,4,7,95
330,4,4,5,4,6,4,3,5,4,5,4,4,3,4,3,5,3,4,74
331,6,6,6,4,7,4,5,4,4,6,6,4,3,5,4,5,3,8,90
332,4,4,4,4,6,5,5,3,5,5,5,5,5,4,4,5,3,5,81
333,4,4,5,3,5,4,5,3,6,5,4,4,3,3,3,4,4,4,73
334,4,4,5,3,5,4,4,4,4,5,8,5,4,5,3,4,4,5,80
335,3,4,3,3,7,5,4,3,6,5,5,4,3,4,3,6,3,4,75
336,4,4,7,3,8,6,6,6,8,6,4,7,4,4,6,7,3,4,97
337,5,4,4,3,5,5,4,4,4,6,5,5,4,6,4,4,3,4,79
338,3,7,4,3,4,4,4,3,4,7,5,5,3,5,3,5,5,4,78
339,5,4,4,4,5,4,4,3,4,4,4,4,6,5,3,4,3,5,75
340,4,5,4,3,5,4,5,3,4,7,7,6,3,3,4,4,3,5,79
341,3,4,7,4,6,4,4,3,4,7,5,5,3,4,3,5,4,4,79
342,4,4,4,4,5,5,4,4,4,7,4,6,4,4,3,4,3,3,76
343,5,4,5,4,7,5,5,4,5,6,7,6,5,6,3,5,3,4,89
344,4,4,4,4,6,4,7,4,5,6,6,6,4,5,4,5,3,5,86
345,5,5,6,4,6,5,5,4,5,5,6,5,4,5,3,4,4,6,87
346,4,7,6,4,5,3,4,3,5,5,4,5,3,4,4,4,4,4,78
347,5,4,4,3,6,6,5,3,3,5,4,6,3,5,4,5,7,5,83
348,7,4,4,4,5,6,7,3,5,5,7,6,4,5,4,5,4,5,90
349,4,4,8,3,6,4,4,4,4,5,6,5,3,4,4,6,4,4,82
350,5,3,3,4,5,4,6,3,6,6,6,4,6,5,6,3,4,6,85
351,6,5,5,5,6,4,8,3,5,5,5,4,3,4,3,6,3,6,86
352,4,4,5,4,5,4,3,3,4,6,4,5,3,4,4,4,4,6,76
353,4,4,4,3,5,4,4,4,4,6,4,5,3,5,4,5,4,4,76
354,3,6,5,3,7,4,5,3,5,8,8,4,4,4,5,8,3,4,89
355,3,3,3,3,6,4,3,3,5,6,4,5,3,5,3,5,4,4,72
356,5,6,5,4,6,5,5,4,5,7,6,4,4,8,4,6,4,6,94
357,4,4,8,3,6,4,5,4,5,7,5,7,4,6,3,6,3,5,89
358,4,4,3,4,7,3,5,3,4,6,5,5,4,6,3,4,3,6,79
359,6,4,8,7,7,6,6,4,4,7,5,6,5,5,5,5,4,7,101
360,5,5,4,4,6,3,4,3,4,5,4,4,3,3,5,4,3,6,75
361,5,6,5,3,6,4,5,4,4,6,4,8,5,9,3,4,3,6,90
362,7,5,6,4,7,4,5,3,6,7,6,4,4,5,4,8,4,5,94
363,5,3,5,3,6,4,5,4,5,6,4,7,4,6,3,7,4,5,86
364,6,4,3,4,6,5,4,3,4,5,4,5,3,5,3,5,3,5,77
365,3,3,4,4,4,5,4,3,5,6,4,6,4,5,3,4,3,4,74
366,5,5,4,5,8,4,3,4,5,6,4,4,5,4,4,7,3,4,84
367,3,4,4,3,7,5,4,4,4,6,5,5,4,5,3,5,3,3,77
368,4,4,6,4,6,6,5,3,4,5,4,6,4,6,4,6,6,8,91
369,3,3,5,4,6,4,5,3,4,9,5,4,3,4,3,4,4,7,80
370,7,5,6,5,6,5,4,3,4,5,6,5,4,5,5,6,3,6,90
371,4,3,5,4,6,5,6,3,5,7,5,5,4,5,5,5,3,3,83
372,6,5,6,3,6,4,5,3,3,5,4,5,3,4,4,5,6,4,81
373,4,4,6,3,5,3,5,3,5,5,4,4,4,3,3,4,3,4,72
374,4,5,3,4,6,4,5,4,4,7,6,5,4,5,4,6,4,4,84
375,5,4,4,6,5,6,6,4,4,5,4,6,3,6,4,7,4,6,89
376,4,3,3,5,6,5,5,4,5,7,4,5,3,5,3,4,3,5,79
377,4,4,6,3,7,5,4,4,5,7,5,4,3,6,4,6,3,5,85
378,5,4,6,4,6,5,7,3,4,6,5,5,3,6,5,4,3,5,86
379,3,4,5,4,5,4,5,4,3,6,3,3,3,3,3,4,4,4,70
380,4,4,7,3,6,4,4,4,5,8,5,7,4,7,3,6,3,4,88
381,4,5,5,4,7,5,7,5,6,7,5,6,4,6,4,6,7,8,101
382,7,4,4,4,5,4,7,3,5,5,6,5,3,4,4,5,4,4,83
383,6,5,6,3,6,4,5,3,5,6,7,5,3,3,3,5,3,4,82
384,4,4,6,4,5,3,5,3,4,5,4,4,3,5,3,5,3,4,74
385,5,4,3,5,5,5,3,3,3,6,5,5,5,5,4,4,3,4,77
386,4,3,5,4,6,5,7,3,5,6,5,5,5,5,7,5,3,3,86
387,4,4,4,3,7,4,4,3,4,6,5,4,3,5,3,5,4,6,78
388,5,8,5,4,7,6,4,3,4,6,4,5,4,5,4,5,3,5,87
389,5,6,5,3,5,4,4,3,4,4,6,5,3,5,4,4,3,7,80
390,4,4,8,3,8,4,6,4,8,6,4,6,3,3,6,7,3,3,90
391,4,3,4,3,5,5,5,4,7,7,5,6,4,6,3,5,4,5,85
392,3,3,4,3,6,4,3,3,4,5,4,5,4,5,3,5,3,5,72
393,5,5,3,4,5,4,4,4,4,6,5,5,5,5,4,4,3,4,79
394,4,4,5,3,5,4,5,3,4,5,3,7,5,4,3,5,3,5,77
395,4,4,3,4,6,4,4,4,4,5,4,5,4,4,5,4,3,7,78
396,5,4,7,4,6,5,3,3,5,6,5,6,5,6,3,5,4,5,87
397,6,4,5,5,6,4,4,4,4,6,5,6,3,6,3,5,3,4,83
398,4,3,4,5,7,5,6,6,4,5,5,5,4,5,3,5,3,6,85
399,4,4,3,3,7,4,4,3,4,4,5,6,5,6,3,4,7,6,82
400,4,4,5,3,5,9,5,4,5,7,4,5,3,5,3,5,3,5,84
401,3,4,4,3,5,5,5,3,4,5,3,5,3,5,3,4,3,4,71
402,3,4,4,3,5,5,5,3,4,5,3,5,3,5,3,4,3,4,71
403,4,4,4,3,6,4,3,3,4,6,4,5,4,5,3,5,3,4,74
404,4,5,4,3,6,4,4,4,4,7,4,8,4,9,3,4,3,6,86
405,5,3,5,5,6,4,4,4,4,7,5,6,3,6,3,5,3,5,83
406,5,5,4,3,7,4,3,3,4,6,5,4,3,5,3,5,4,4,77
407,5,5,6,3,6,4,5,3,4,5,8,5,4,6,4,5,5,4,87
408,6,3,3,4,5,4,7,3,5,5,6,5,3,4,4,5,4,4,80
409,5,4,4,3,5,5,5,4,7,7,5,6,6,6,4,5,4,4,89
410,3,5,4,4,5,4,6,3,4,5,5,4,3,4,3,4,3,3,72
411,3,4,3,4,5,4,6,3,4,5,4,4,3,4,3,4,3,4,70
412,5,4,4,4,5,4,3,4,4,6,5,5,3,4,4,5,4,4,77
413,4,4,3,4,6,5,4,3,5,6,5,5,5,4,4,5,3,4,79
414,4,5,3,3,6,6,6,4,5,7,4,4,4,5,4,5,3,7,85
415,6,4,5,4,4,5,4,6,7,6,6,7,4,5,3,5,4,4,89
416,3,4,4,4,5,6,5,4,7,8,7,7,4,7,6,6,7,6,100
417,4,4,5,4,6,4,4,3,4,8,4,6,4,6,3,6,3,7,85
418,5,6,4,4,7,4,6,3,4,6,6,4,4,5,3,6,4,5,86
419,6,6,4,4,6,6,5,3,4,7,6,5,4,4,4,4,4,4,86
420,5,5,3,3,7,4,3,3,4,4,5,6,5,6,3,4,6,4,80
421,4,4,4,3,5,6,4,4,4,8,6,6,4,6,3,5,6,6,88
422,3,4,5,3,7,5,5,4,4,5,6,5,4,5,3,5,3,4,80
423,3,3,4,4,5,4,4,3,4,6,4,5,3,6,3,5,3,5,74
424,4,4,4,4,5,3,4,3,4,5,4,4,3,4,4,4,4,5,72
425,4,5,5,3,5,3,4,3,4,4,5,4,3,4,4,4,3,6,73
426,3,3,3,4,6,4,6,4,5,7,5,6,3,5,3,5,3,5,80
427,3,3,5,4,5,6,4,4,5,6,5,5,3,5,3,4,3,6,79
428,5,6,5,4,5,4,6,5,5,5,4,5,4,5,4,5,4,5,86
429,4,6,7,3,8,4,5,3,5,6,5,6,3,4,4,4,6,6,89
430,5,5,4,3,6,9,4,3,5,7,4,5,5,5,4,7,4,4,89
431,4,3,5,3,6,4,5,4,4,6,4,4,3,4,4,5,3,5,76
432,5,4,6,4,5,3,6,3,4,5,4,5,3,3,3,4,3,3,73
433,4,4,4,3,6,4,4,3,5,5,4,5,4,5,4,5,4,4,77
434,5,4,4,5,5,5,4,3,3,6,6,5,5,5,4,4,3,6,82
435,6,4,5,3,6,5,4,4,4,5,4,5,4,6,4,4,3,5,81
436,4,5,3,4,5,5,7,4,5,7,5,5,3,6,4,4,6,6,88
437,5,4,4,4,5,4,4,4,4,6,5,6,3,6,3,5,3,5,80
438,7,6,3,4,6,4,3,4,4,6,5,6,4,7,3,4,3,4,83
439,3,4,5,4,5,4,6,3,4,5,4,4,3,5,3,4,3,3,72
440,5,5,7,4,6,4,4,3,4,6,4,5,6,5,7,4,3,5,87
441,4,4,5,4,5,4,5,3,4,5,4,5,3,6,3,5,3,5,77
442,5,4,4,3,5,5,3,3,4,7,3,4,3,5,3,4,4,4,73
443,3,3,5,4,4,4,5,3,5,5,4,5,5,4,3,4,3,3,72
444,4,7,5,3,8,5,5,4,5,6,6,6,4,6,3,7,3,7,94
445,4,4,5,5,5,5,5,3,5,6,6,5,3,4,4,6,6,5,86
446,4,4,7,3,8,6,6,6,8,6,4,7,4,4,6,7,3,4,97
447,5,4,4,4,7,6,5,5,7,6,4,7,3,5,4,4,5,7,92
448,5,5,5,4,6,6,6,4,5,9,7,5,5,6,3,4,5,6,96
449,5,3,3,4,6,5,4,3,4,6,4,7,4,6,4,5,4,5,82
450,5,4,5,4,8,6,5,3,4,7,6,5,4,6,3,3,4,7,89
451,4,4,4,4,5,5,4,4,4,6,4,6,4,4,3,4,3,3,75
452,4,4,5,4,6,5,5,4,4,9,5,5,3,5,3,4,4,8,87
453,3,6,5,4,5,3,4,3,5,5,4,5,3,4,4,4,4,4,75
454,6,4,7,7,7,6,4,4,4,7,5,6,5,5,5,5,4,5,96
455,3,4,7,3,6,4,3,3,4,6,4,4,3,4,4,6,3,4,75
456,5,5,6,3,7,5,4,4,5,6,5,4,3,6,5,6,3,4,86
457,4,6,6,3,7,4,4,3,6,6,6,5,3,5,4,6,3,5,86
458,4,6,4,3,5,4,6,3,3,5,4,3,3,4,4,4,3,4,72
459,5,7,6,3,6,4,5,3,4,6,6,5,4,4,5,5,4,4,86
460,5,5,5,4,6,7,5,4,6,6,6,5,4,5,4,4,3,6,90
461,5,5,5,3,6,9,5,3,5,6,4,5,5,5,4,7,4,6,92
462,3,4,5,3,5,4,4,3,5,7,6,5,6,3,5,5,4,4,81
463,4,3,3,6,5,4,6,3,4,5,4,5,3,5,4,7,4,5,80
464,4,7,4,4,6,5,3,6,4,8,6,9,4,6,4,5,5,6,96
465,4,5,7,3,6,4,4,3,5,6,5,5,3,4,4,4,4,8,84
466,4,4,5,4,6,4,5,3,4,7,4,6,6,6,4,6,3,7,88
467,4,4,3,4,5,4,3,4,4,5,4,5,3,5,4,4,4,4,73
468,5,7,6,3,8,6,4,3,5,6,5,7,3,5,4,4,5,5,91
469,5,6,6,4,5,3,6,3,4,5,5,3,3,4,3,4,3,4,76
470,4,6,5,3,7,4,5,3,4,7,5,4,3,5,3,5,3,4,80
471,5,7,6,3,7,6,5,3,7,6,5,4,4,5,5,4,3,5,90
472,3,5,5,5,6,4,5,3,5,5,4,5,3,4,4,8,6,5,85
473,6,8,4,7,4,7,7,4,5,8,7,6,5,8,4,8,5,7,110
474,5,5,4,3,6,4,4,4,4,6,4,6,5,5,3,6,3,4,81
475,3,6,3,4,5,7,5,3,6,8,3,4,3,6,3,4,3,4,80
476,4,4,4,4,6,5,7,3,4,6,6,6,4,4,5,5,4,5,86
477,4,4,3,4,5,4,4,4,4,7,5,5,4,5,3,4,3,6,78
478,4,4,3,4,6,5,5,4,3,6,5,6,3,5,4,3,4,5,79
479,5,5,6,5,5,5,5,3,5,6,7,5,3,4,4,6,5,5,89
480,3,5,5,4,5,6,5,5,3,6,3,4,4,3,3,4,4,5,77
481,4,5,5,4,6,4,4,4,4,5,4,4,4,6,3,5,4,5,80
482,4,5,4,4,6,4,3,4,4,6,4,4,4,6,3,5,4,4,78
483,4,4,6,3,5,4,5,3,4,8,7,5,3,5,3,5,6,7,87
484,4,4,6,3,4,4,5,3,4,5,4,5,3,4,3,4,3,4,72
485,4,5,4,4,7,4,4,5,5,6,4,5,4,5,4,4,4,4,82
486,5,5,6,4,6,4,5,5,4,6,4,5,3,4,3,5,4,5,83
487,5,5,5,3,7,4,4,4,4,6,4,5,6,5,4,4,3,7,85
488,4,4,4,4,8,5,5,5,4,8,4,6,3,6,3,6,4,8,91
489,5,6,4,3,8,4,5,3,4,5,3,6,3,5,3,5,3,7,82
490,5,4,7,5,6,5,7,3,4,6,5,8,3,5,4,4,4,7,92
491,4,5,3,3,8,4,5,3,4,5,3,6,3,5,3,5,3,7,79
492,5,5,4,4,7,3,5,3,4,6,6,5,4,6,3,4,3,6,83
493,4,6,5,5,6,5,5,3,6,4,5,6,3,7,4,5,7,4,90
494,3,6,4,4,5,5,6,3,6,7,3,3,3,5,3,4,3,5,78
495,7,5,6,4,6,3,6,3,5,5,7,5,5,4,3,7,4,7,92
496,4,4,4,3,5,3,5,3,4,5,6,5,3,3,4,4,4,4,73
497,3,4,5,3,6,6,4,4,5,8,5,6,3,5,3,5,4,5,84
498,6,4,5,5,6,5,3,3,4,6,5,5,3,5,4,6,3,6,84
499,5,5,6,4,6,4,5,5,4,6,4,5,3,4,3,5,4,5,83
500,4,5,4,4,7,4,5,3,4,5,4,4,3,3,4,5,4,5,77
501,5,3,4,4,7,7,4,3,4,4,4,4,4,5,4,3,3,5,77
502,4,4,6,4,7,5,4,4,3,6,4,5,4,5,4,4,3,5,81
503,3,3,4,4,5,4,5,3,4,5,4,5,3,6,3,5,3,5,74
504,4,4,5,3,7,3,4,3,4,6,4,4,5,4,4,4,3,6,77
505,6,5,8,4,6,4,7,3,4,6,6,4,3,5,5,4,3,4,87
506,5,7,8,3,8,4,5,3,5,6,5,6,3,4,4,4,5,6,91
507,5,4,4,5,5,4,4,3,3,6,6,4,4,4,4,4,3,5,77
508,7,8,4,3,7,4,6,3,5,6,6,4,5,3,3,6,4,4,88
509,5,7,5,3,6,5,5,3,4,6,6,6,5,5,5,5,4,5,90
510,3,3,3,3,5,5,4,3,4,4,5,5,4,4,4,4,4,4,71
511,3,4,4,4,5,3,8,4,4,5,4,3,3,3,3,4,3,4,71
512,5,6,6,3,7,5,8,5,5,5,8,5,6,6,5,5,3,6,99
513,5,6,7,4,6,5,5,4,5,5,6,5,4,6,5,4,4,6,92
514,4,3,5,4,6,5,4,3,4,5,5,5,3,5,4,4,4,4,77
515,5,6,4,4,6,5,4,3,4,5,5,5,3,5,4,5,4,5,82
516,4,4,5,5,5,6,4,4,4,5,4,6,3,5,8,4,3,6,85
517,5,5,4,5,9,9,6,4,5,7,4,5,5,4,4,4,4,7,96
518,3,4,5,3,7,5,5,4,4,5,6,5,4,5,3,5,3,4,80
519,4,5,6,4,7,4,7,4,6,7,5,5,3,5,4,6,7,7,96
520,5,4,6,5,6,7,7,4,4,6,6,9,4,6,4,4,4,8,99
521,3,4,3,4,8,4,4,3,7,4,4,5,3,3,3,5,3,4,74
522,6,6,6,4,6,4,5,3,6,5,6,7,5,6,5,5,5,5,95
523,4,5,6,5,6,5,5,4,4,5,7,5,4,5,5,5,4,5,89
524,5,8,7,4,6,4,5,3,5,7,6,3,3,5,4,5,5,6,91
525,5,5,5,5,8,4,4,4,5,6,4,4,5,4,4,7,3,6,88
526,5,4,3,5,6,5,4,4,5,6,5,6,4,4,3,5,3,5,82
527,3,3,4,4,7,5,3,3,4,7,6,5,3,5,4,4,3,4,77
528,4,4,5,7,5,6,5,6,4,4,5,6,5,4,5,5,3,5,88
529,4,3,3,4,5,5,5,3,4,4,7,7,5,5,3,6,3,6,82
530,5,5,4,3,6,4,3,6,5,7,7,5,3,4,3,5,3,4,82
531,3,3,5,3,5,3,6,3,3,5,5,4,3,3,4,5,3,4,70
532,3,4,4,4,5,6,4,4,7,9,7,7,3,7,4,6,6,6,96
533,5,3,5,3,8,6,4,3,5,9,3,6,3,6,3,5,3,7,87
534,5,5,6,4,6,3,5,4,5,6,6,9,3,4,3,4,4,5,87
535,4,5,4,3,4,6,4,4,6,6,4,5,5,6,3,5,4,4,82
536,4,4,5,4,4,5,5,3,5,5,4,6,4,5,3,4,3,4,77
537,4,4,4,3,6,6,4,4,4,6,7,6,4,7,3,5,5,5,87
538,4,4,6,4,5,3,3,3,4,6,4,4,3,3,4,4,4,5,73
539,4,3,5,3,5,3,5,4,5,5,5,4,5,3,4,4,6,4,77
540,3,5,4,5,5,5,3,3,4,4,4,5,3,4,4,5,4,4,74
541,6,6,6,4,6,4,6,3,4,6,6,4,3,3,4,4,4,5,84
542,5,5,6,4,5,6,4,4,5,5,5,5,5,4,5,4,3,5,85
543,4,4,5,3,6,4,3,3,4,5,4,5,4,5,3,5,3,5,75
544,6,4,4,3,5,4,4,3,4,7,5,5,4,5,4,6,3,4,80
545,4,5,5,3,6,5,5,3,4,6,7,5,4,6,4,5,3,5,85
546,5,5,6,4,5,6,4,4,5,5,6,5,5,4,5,4,3,5,86
547,7,5,7,5,6,4,4,3,4,5,6,4,3,4,5,6,3,5,86
548,5,5,6,4,6,5,4,3,4,6,4,6,7,6,7,4,3,6,91
549,5,3,7,7,7,6,6,4,4,7,5,6,5,5,5,5,4,7,98
550,3,5,3,3,6,4,6,3,5,6,4,4,3,4,4,5,3,3,74
551,3,5,3,5,7,6,4,4,4,7,4,5,4,5,3,5,5,4,83
552,5,4,6,3,5,4,5,3,4,5,5,4,3,5,4,4,3,5,77
553,5,5,5,5,5,5,5,7,5,6,4,6,4,5,4,5,3,6,90
554,5,5,4,4,6,6,6,3,4,6,6,5,4,4,4,4,4,6,86
555,4,4,5,4,7,4,6,4,5,7,6,5,3,5,4,5,3,6,87
556,3,3,4,4,5,4,3,3,4,6,4,5,3,4,4,4,4,6,73
557,7,5,5,4,7,6,5,3,6,7,6,5,5,6,4,8,4,6,99
558,4,4,5,3,7,5,6,3,4,6,4,5,3,5,3,4,3,6,80
559,5,4,4,4,6,4,5,5,4,6,5,5,6,5,4,7,4,6,89
560,3,5,7,3,5,4,3,3,4,5,3,4,3,7,3,4,3,4,73
561,4,5,5,3,6,5,3,4,5,6,5,6,4,5,4,4,4,7,85
562,4,4,4,4,6,5,5,3,5,5,6,5,5,4,4,5,3,5,82
563,5,4,6,5,7,4,6,4,4,5,6,4,3,4,3,5,3,5,83
564,6,4,4,4,5,4,6,3,6,6,6,4,6,5,6,3,4,6,88
565,7,5,7,3,6,4,5,3,4,6,5,4,3,5,3,6,4,7,87
566,6,4,5,5,6,4,4,4,4,7,5,6,3,6,3,5,3,4,84
567,4,5,4,4,6,5,3,4,5,6,5,6,3,5,3,5,3,6,82
568,5,4,4,4,8,5,5,4,5,7,6,6,4,6,3,5,3,5,89
569,4,6,3,4,8,4,7,3,5,5,8,4,3,6,6,6,5,7,94
570,5,7,7,5,6,4,6,3,6,4,5,5,3,6,6,5,7,3,93
571,4,5,5,3,6,5,9,3,4,7,4,5,4,5,5,5,4,5,88
572,3,3,3,4,5,6,4,4,4,5,6,5,4,4,4,7,3,5,79
573,5,7,4,3,6,4,5,5,6,5,5,5,4,6,3,5,3,4,85
574,4,4,5,4,4,5,5,3,4,6,4,4,3,4,3,4,3,7,76
575,7,5,5,4,6,4,6,4,5,5,7,6,6,5,3,7,4,8,97
576,4,4,4,4,6,5,7,3,4,6,5,6,4,4,5,5,4,5,85
577,4,4,3,4,6,5,4,4,3,6,5,6,3,5,4,3,4,4,77
578,4,5,5,5,6,5,4,4,4,5,6,5,4,5,5,5,4,4,85
579,7,4,5,4,6,4,6,4,6,6,4,7,5,5,3,5,4,7,92
580,4,4,5,3,7,5,6,3,4,6,4,5,3,5,3,4,3,6,80
581,6,4,4,3,6,8,5,3,3,8,5,5,3,6,4,6,5,4,88
582,5,6,4,3,6,4,4,4,4,7,4,8,5,9,3,4,3,4,87
583,5,4,4,3,5,5,4,4,7,6,5,6,6,6,4,5,4,4,87
584,5,4,6,4,6,5,7,3,5,6,6,5,5,5,7,5,3,3,90
585,6,7,6,4,5,4,6,3,4,5,5,4,4,5,3,4,3,5,83
586,4,5,7,3,6,5,6,3,4,6,6,5,4,7,4,5,3,5,88
587,5,5,5,4,5,6,3,4,5,5,5,5,5,4,5,4,3,4,82
588,6,5,4,5,6,6,8,3,5,5,5,5,4,5,3,6,3,7,91
589,5,4,4,3,6,6,4,3,3,6,4,6,3,5,3,5,6,5,81
590,3,4,4,3,6,5,8,3,4,8,4,5,3,5,4,5,4,5,83
591,3,4,4,4,5,5,6,3,4,5,4,5,4,6,3,4,3,4,76
592,5,5,4,4,7,3,5,3,4,6,6,5,4,6,3,4,3,6,83
593,4,6,5,4,6,6,4,5,5,7,5,5,3,6,3,3,3,4,84
594,6,6,5,5,5,5,4,7,5,7,4,6,4,5,4,5,3,4,90
595,4,7,4,4,7,6,4,3,4,6,4,5,4,5,4,5,3,5,84
596,4,6,3,4,8,4,7,3,5,5,7,4,3,6,6,6,5,7,93
597,6,4,4,4,5,5,6,4,6,6,7,5,7,6,6,3,4,7,95
598,5,4,6,4,7,4,5,3,5,6,7,5,4,5,3,5,3,3,84
599,3,3,5,4,6,3,5,3,4,5,4,4,3,3,4,6,4,4,73
600,3,4,6,3,6,5,3,4,4,6,4,5,3,5,4,6,3,5,79
601,3,4,5,3,6,5,3,4,5,7,5,6,3,5,3,4,4,9,84
602,5,5,5,4,6,4,4,5,4,6,4,5,3,4,3,5,4,4,80
603,4,4,4,4,4,4,5,3,4,5,4,4,4,3,3,4,3,4,70
604,5,4,3,4,7,6,4,5,7,6,4,7,3,5,4,4,5,5,88
605,4,4,4,3,5,4,4,3,4,6,3,7,5,4,3,5,3,4,75
606,6,5,4,3,6,5,6,6,4,7,4,6,3,5,5,4,4,6,89
607,4,7,4,3,7,5,4,4,5,8,8,5,5,5,5,8,3,4,94
608,5,5,4,4,5,4,5,4,4,6,5,5,5,5,4,4,3,6,83
609,5,6,8,5,7,4,6,3,5,6,4,4,8,5,4,6,3,7,96
610,6,5,4,3,6,6,4,3,3,5,4,6,3,5,4,5,6,4,82
611,5,7,7,3,8,6,5,3,5,6,6,7,3,5,4,4,5,7,96
612,4,4,5,4,6,6,4,5,4,7,7,5,3,5,3,5,4,4,85
613,4,4,6,3,5,3,5,3,4,5,4,4,3,4,4,5,4,4,74
614,5,4,6,5,7,4,6,4,4,5,5,4,3,4,3,5,3,5,82
615,4,3,5,4,5,4,5,3,4,6,4,3,3,3,3,6,3,5,73
616,4,3,4,4,5,6,4,3,4,7,4,4,3,4,3,6,3,6,77
617,6,5,4,5,6,5,5,4,5,5,6,6,6,4,3,5,3,5,88
618,4,4,4,3,4,6,4,4,4,6,4,6,4,5,3,4,3,4,76
619,3,6,5,3,8,4,5,3,5,6,5,5,3,5,3,7,3,6,85
620,6,5,3,5,7,4,4,5,5,6,5,5,4,5,4,4,4,4,85
621,4,5,7,3,6,4,4,3,5,6,6,5,3,4,4,4,4,8,85
622,4,4,4,5,6,7,6,4,4,6,5,7,4,5,4,6,4,7,92
623,5,4,5,5,6,5,5,4,5,5,6,5,4,8,3,6,3,6,90
624,4,4,3,4,6,5,5,4,3,6,6,6,3,5,4,3,4,5,80
625,4,4,6,3,5,4,4,3,4,7,4,4,3,4,4,6,3,4,76
626,5,5,5,4,6,5,3,3,4,7,4,6,7,6,7,4,3,4,88
627,4,4,4,3,8,4,4,5,4,6,4,5,3,4,3,5,3,4,77
628,5,5,7,3,7,5,5,4,5,6,6,4,3,6,5,6,3,5,90
629,6,4,4,3,5,4,4,3,4,6,5,5,4,5,4,6,3,4,79
630,5,6,5,4,6,5,5,4,5,7,5,4,4,8,4,6,4,6,93
631,5,4,3,4,7,6,4,5,7,7,4,7,3,5,4,4,5,5,89
632,3,3,4,4,6,5,4,4,4,3,5,5,3,5,3,4,4,8,77
633,5,4,5,6,8,5,6,4,6,6,5,5,5,4,4,4,4,5,91
634,5,6,4,3,8,3,5,3,4,5,3,5,3,4,3,5,3,6,78
635,5,5,5,5,8,4,4,4,5,6,4,4,5,4,4,7,3,6,88
636,5,4,3,4,5,4,3,3,4,4,4,4,6,5,3,4,3,4,72
637,5,4,5,3,6,4,5,3,5,6,7,5,3,3,3,5,3,4,79
638,5,7,7,3,8,6,5,3,5,6,6,7,3,5,4,4,5,7,96
639,3,3,3,4,5,4,3,4,4,6,4,5,3,5,3,4,4,6,73
640,8,8,6,4,6,4,5,3,4,6,4,5,3,4,4,4,3,4,85
641,4,6,5,4,8,4,6,3,7,6,4,5,3,5,5,4,3,6,88
642,5,4,5,3,5,5,4,3,4,7,3,4,3,5,3,4,4,5,76
643,4,5,4,4,7,5,5,3,4,5,4,5,3,4,4,5,4,6,81
644,4,4,3,4,5,6,3,4,4,6,6,5,4,4,4,7,3,4,80
645,3,5,4,4,8,4,5,3,7,7,4,5,3,5,4,4,3,6,84
646,7,5,6,3,6,5,5,4,4,6,6,5,4,6,3,6,4,8,93
647,3,5,5,4,6,4,5,3,5,4,5,3,5,5,4,5,4,5,80
648,4,4,6,3,9,3,7,3,4,5,7,4,3,5,5,4,3,5,84
649,7,4,5,4,6,4,6,4,6,6,4,7,5,5,3,5,4,7,92
650,5,5,5,5,6,7,6,4,4,6,6,7,4,5,4,6,4,7,96
651,4,4,5,3,6,6,3,3,5,5,4,6,3,4,3,4,3,4,75
652,4,5,6,5,5,5,6,4,6,5,5,6,5,6,4,6,4,6,93
653,5,5,5,5,5,7,5,3,5,6,7,6,4,5,4,6,5,6,94
654,4,5,5,3,6,4,5,4,4,4,4,5,3,5,3,3,3,6,76
655,3,6,4,3,8,5,5,4,5,6,5,6,4,6,3,7,3,7,90
656,5,6,5,4,6,5,6,3,4,5,6,5,3,5,4,5,4,7,88
657,4,4,4,3,6,4,4,6,5,6,7,5,3,4,3,5,3,5,81
658,3,5,5,4,7,5,4,3,4,6,6,5,3,5,3,4,4,5,81
659,3,5,4,3,8,6,5,4,7,8,4,8,4,5,3,5,5,4,91
660,4,4,6,4,7,5,4,4,3,6,4,5,4,5,4,4,3,5,81
661,4,4,4,3,5,5,3,3,4,8,4,5,4,5,4,6,3,4,78
662,4,5,4,3,6,5,8,3,4,8,4,5,4,5,5,5,4,4,86
663,4,4,4,3,4,3,5,3,6,6,4,4,3,3,3,5,3,4,71
664,5,6,6,6,7,3,6,3,5,4,9,4,3,4,3,7,3,5,89
665,4,4,7,4,6,4,5,3,4,5,4,5,3,5,4,6,6,7,86
666,7,4,6,4,5,3,7,3,5,7,5,5,4,5,3,5,3,6,87
667,3,5,6,3,5,5,3,4,4,5,3,5,4,8,3,4,3,5,78
668,4,4,5,3,5,6,5,4,4,8,6,6,4,6,3,5,6,8,92
669,3,3,6,4,7,4,4,3,3,6,4,4,3,4,4,4,3,4,73
670,7,6,4,4,6,4,4,4,4,6,6,6,4,7,3,4,3,6,88
671,5,4,4,3,5,5,3,3,4,8,3,4,3,5,3,4,4,4,74
672,4,4,4,4,6,5,7,3,4,6,6,6,4,4,5,5,4,5,86
673,4,4,4,4,7,5,5,4,4,6,7,6,3,5,3,4,3,5,83
674,3,3,6,3,6,5,3,5,4,6,6,6,3,5,3,6,4,5,82
675,3,3,4,3,6,4,3,3,4,6,4,5,3,5,3,5,3,5,72
676,3,4,3,3,6,5,4,4,5,7,4,4,3,3,4,4,3,4,73
677,4,5,4,4,6,6,5,4,5,6,6,4,3,4,3,4,3,6,82
678,3,3,5,4,5,3,3,3,4,6,4,4,3,3,4,4,4,5,70
679,5,6,6,4,7,4,4,3,5,7,5,5,4,9,3,5,3,5,90
680,5,4,3,3,5,5,3,3,4,6,6,4,4,5,3,5,4,4,76
681,3,5,5,3,6,6,4,4,5,8,5,6,4,5,4,5,4,4,86
682,5,6,4,6,7,4,5,4,5,4,8,5,4,5,3,7,3,4,89
683,6,4,4,4,6,4,6,4,5,5,6,6,6,5,3,7,4,8,93
684,6,3,4,4,6,6,4,3,4,4,5,6,3,6,3,4,3,4,78
685,4,4,6,3,5,4,5,3,4,8,6,5,3,5,3,5,6,7,86
686,4,5,6,3,5,4,4,3,5,7,7,5,5,3,5,5,4,4,84
687,8,5,6,5,8,3,7,3,6,5,8,7,3,4,5,7,5,4,99
688,6,3,4,4,5,4,7,3,5,7,5,6,5,6,3,5,3,7,88
689,4,3,4,4,5,4,3,4,4,6,5,5,3,4,3,5,4,6,76
690,6,4,6,3,6,3,5,3,4,6,6,5,3,3,6,4,3,6,82
691,5,4,4,3,6,6,4,4,5,6,5,5,3,5,3,6,3,4,81
692,4,5,4,4,6,6,5,4,5,6,5,4,3,4,3,4,3,6,81
693,7,5,7,4,4,4,5,4,7,5,6,6,5,4,3,5,4,3,88
694,4,5,3,3,6,4,6,3,5,7,4,3,3,4,4,5,3,6,78
695,5,4,6,4,6,5,7,3,5,6,6,5,5,5,7,5,3,3,90
696,4,4,4,3,5,4,4,3,5,4,6,4,3,4,3,3,3,4,70
697,4,4,4,3,5,5,3,3,4,7,4,5,4,5,4,6,3,4,77
698,4,5,5,3,7,5,7,5,5,6,7,5,4,6,4,5,3,6,92
699,4,6,3,3,6,5,4,3,5,6,4,5,3,5,4,5,3,3,77
700,3,4,3,4,5,5,5,3,4,6,5,5,3,5,3,4,3,4,74
701,4,4,4,3,5,5,4,3,4,4,6,5,4,4,3,3,3,4,72
702,6,6,6,5,9,7,7,3,5,6,4,4,6,3,6,4,4,6,97
703,5,4,5,3,5,5,5,4,4,5,5,5,4,6,4,4,3,6,82
704,4,4,4,4,6,3,7,3,5,6,6,5,3,4,4,5,3,4,80
705,3,5,5,4,5,6,5,4,7,8,8,7,4,7,6,6,6,6,102
706,4,4,5,3,5,4,6,3,3,5,5,5,4,3,4,5,3,5,76
707,5,6,3,3,8,4,4,3,4,5,3,6,3,5,3,5,3,5,78
708,4,6,5,5,6,6,5,3,5,5,4,6,4,5,4,8,5,6,92
709,5,5,6,3,6,3,4,4,5,6,8,4,3,3,3,5,3,4,80
710,3,4,4,3,6,4,6,4,3,5,5,5,5,7,4,4,6,5,83
711,5,3,5,3,6,4,4,3,4,5,4,4,3,5,4,4,3,4,73
712,4,5,5,3,4,7,7,3,5,6,6,6,3,4,3,5,5,4,85
713,3,3,3,4,6,4,5,3,5,5,5,4,4,3,4,5,3,4,73
714,5,4,6,4,6,3,6,4,4,5,6,4,5,4,4,7,4,7,88
715,4,5,3,4,6,6,4,4,5,6,5,4,3,4,3,4,3,4,77
716,4,4,4,7,5,6,4,6,4,4,5,6,5,4,5,5,3,4,85
717,5,4,8,4,6,5,4,3,5,6,5,6,5,6,3,5,4,7,91
718,4,3,4,6,8,5,5,4,6,7,5,5,4,4,3,4,4,5,86
719,5,4,6,4,5,3,4,3,4,5,6,4,3,3,4,5,4,5,77
720,5,5,5,3,6,4,5,4,4,5,4,6,5,5,3,6,3,5,83
721,4,4,5,4,4,5,5,3,5,5,4,6,4,5,3,4,3,4,77
722,7,8,4,3,7,4,6,3,5,6,5,4,5,3,3,6,4,4,87
723,6,4,4,4,7,5,5,5,4,6,4,5,4,6,3,6,5,5,88
724,4,4,6,4,6,3,5,4,4,6,4,4,3,3,3,5,4,4,76
725,5,4,4,5,6,5,6,4,5,6,4,5,4,5,4,4,3,5,84
726,6,4,6,3,6,4,4,3,4,5,4,4,3,5,4,4,3,4,76
727,7,5,5,4,5,5,4,5,6,6,4,6,4,6,6,4,3,5,90
728,5,4,6,3,6,4,5,3,4,5,5,4,3,3,3,5,3,3,74
729,6,4,8,7,7,6,6,4,4,7,6,6,5,5,5,5,4,7,102
730,4,7,5,4,6,5,4,3,5,8,6,4,3,6,3,5,5,7,90
731,4,4,6,4,5,6,5,4,5,5,6,5,3,5,3,4,3,6,83
732,5,5,4,3,7,4,3,3,4,7,5,4,3,5,3,5,4,4,78
733,4,3,3,5,5,4,4,3,3,6,5,4,4,4,4,4,3,5,73
734,4,4,3,4,6,4,5,3,3,6,5,5,3,4,4,3,4,4,74
735,5,7,3,7,4,7,6,4,5,9,6,6,4,8,3,8,5,7,104
736,4,3,5,5,6,7,7,4,4,6,5,9,4,6,4,4,4,8,95
737,3,4,7,3,6,4,6,3,4,6,5,4,3,6,4,5,3,4,80
738,4,3,4,4,8,5,5,4,5,7,6,6,3,6,3,5,3,7,88
739,4,5,6,4,6,3,4,3,4,5,4,3,3,5,3,5,4,4,75
740,5,6,5,6,7,4,6,4,5,4,9,5,4,5,3,7,3,6,94
741,5,5,6,3,7,3,4,3,4,6,5,3,3,4,3,5,4,5,78
742,3,3,3,4,6,4,6,4,4,6,4,3,3,4,3,3,4,6,73
743,5,5,6,5,5,4,5,5,5,6,4,5,3,4,4,5,3,5,84
744,3,4,3,3,5,5,4,3,4,8,6,7,3,4,3,4,3,6,78
745,4,5,7,3,6,4,7,4,4,6,6,5,4,4,5,4,5,5,88
746,4,3,7,4,6,5,4,3,5,6,5,6,5,6,3,5,4,7,88
747,3,4,5,4,6,5,3,5,4,7,5,6,3,6,3,5,4,4,82
748,7,4,4,5,8,4,6,4,6,6,7,8,3,5,4,7,5,5,98
749,3,5,3,4,8,5,7,4,5,5,7,5,4,7,6,6,6,8,98
750,5,3,5,4,7,5,4,3,4,4,4,3,3,4,4,3,3,4,72
751,5,7,5,3,6,5,5,3,4,6,5,6,5,5,5,5,4,5,89
752,5,4,3,3,8,4,4,3,5,7,5,5,4,6,4,5,3,3,81
753,4,5,7,3,6,5,6,3,4,6,6,5,4,7,4,5,3,5,88
754,4,4,4,5,4,4,4,4,4,5,4,5,3,4,3,4,3,4,72
755,3,6,5,4,5,4,5,3,4,6,9,6,3,5,4,5,3,4,84
756,5,4,5,3,6,4,5,3,3,5,4,5,3,4,4,5,7,4,79
757,4,4,4,3,5,4,4,3,4,5,4,5,3,4,3,4,3,5,71
758,5,5,7,3,7,5,5,4,5,6,6,4,3,6,5,6,3,5,90
759,4,4,5,4,6,5,3,3,4,7,4,6,5,6,5,4,3,6,84
760,6,5,3,4,6,3,4,3,4,6,5,5,3,6,3,4,3,5,78
761,4,4,5,4,6,4,5,4,4,5,4,5,3,4,4,6,4,5,80
762,4,4,5,4,5,5,5,4,4,6,4,6,4,4,3,4,3,3,77
763,4,4,4,3,7,4,4,4,6,7,5,6,5,5,3,4,7,6,88
764,5,4,5,3,6,6,3,3,5,5,4,6,3,4,3,4,3,4,76
765,6,6,4,4,7,5,4,5,4,6,5,5,3,6,4,5,3,7,89
766,4,4,6,4,6,6,5,3,4,5,4,6,4,6,4,6,6,8,91
767,4,4,4,4,5,4,4,3,4,5,6,4,3,3,4,7,3,4,75
768,7,6,3,4,6,4,3,4,4,7,5,6,4,7,3,4,3,4,84
769,3,3,3,3,5,5,4,3,5,5,4,5,3,4,4,4,4,5,72
770,4,3,5,3,5,4,4,3,4,7,3,3,4,4,3,4,4,4,71
771,6,4,8,7,7,6,6,4,4,7,6,6,5,5,5,5,4,7,102
772,5,4,3,5,6,5,4,4,5,6,4,5,4,5,4,4,3,4,80
773,5,6,4,7,6,6,5,4,6,7,4,7,3,5,4,5,3,5,92
774,3,3,6,4,7,5,5,3,5,6,3,7,5,4,4,4,3,6,83
775,4,5,6,4,7,3,6,4,5,6,4,4,3,4,4,4,4,5,82
776,5,6,8,5,7,4,6,3,5,6,4,4,8,5,4,6,3,7,96
777,5,4,4,4,6,4,4,3,4,7,4,4,4,5,3,5,3,4,77
778,3,3,3,5,6,3,5,3,4,5,5,3,4,3,4,4,4,4,71
779,5,4,6,4,8,4,5,3,4,7,5,4,3,5,3,3,4,6,83
780,3,4,5,5,6,5,5,4,4,5,6,5,4,5,5,5,4,5,85
781,4,3,4,4,6,5,6,5,4,6,4,4,4,5,3,3,4,7,81
782,7,4,7,5,9,7,4,5,4,7,6,5,4,4,3,4,6,7,98
783,5,4,3,4,5,4,3,3,4,4,4,4,6,5,3,4,3,4,72
784,5,4,3,6,5,6,5,4,4,6,4,6,3,6,4,7,4,4,86
785,5,4,5,3,5,5,6,4,7,6,6,6,6,6,4,5,4,5,92
786,4,4,5,4,6,5,5,4,4,9,6,5,3,5,3,4,4,8,88
787,4,5,5,3,4,7,7,3,5,6,6,6,3,4,3,5,5,5,86
788,3,4,5,4,5,4,5,3,7,8,7,6,3,6,6,6,7,5,94
789,7,4,5,4,5,4,7,3,5,7,6,6,5,6,3,5,3,7,92
790,4,4,4,3,6,9,5,3,5,6,4,5,5,5,4,7,4,6,89
791,4,5,5,3,4,7,7,3,5,5,7,6,3,4,3,5,5,5,86
792,4,4,8,3,6,4,4,4,4,5,7,5,3,4,4,6,4,4,83
793,6,4,4,4,6,4,5,4,5,6,6,6,4,5,3,7,4,8,91
794,5,5,5,4,6,5,3,3,4,6,4,6,7,6,7,4,3,4,87
795,5,4,5,4,6,4,6,5,4,5,6,5,6,5,4,7,4,8,93
796,5,4,4,3,5,5,4,3,4,6,7,4,4,5,3,5,4,6,81
797,5,5,4,4,7,5,5,4,5,8,5,5,3,5,3,6,3,4,86
798,4,5,5,4,7,5,6,5,6,8,5,6,3,6,3,6,6,8,98
799,5,4,5,4,8,5,6,4,5,6,6,6,4,6,3,5,3,7,92
800,6,7,5,4,5,4,4,3,4,5,5,4,4,5,3,4,3,4,79
801,5,5,5,5,5,5,4,7,5,7,4,6,3,5,3,5,3,6,88
802,4,4,4,3,5,4,6,4,5,6,4,5,3,3,4,4,4,4,76
803,5,5,5,4,5,6,5,3,5,6,6,5,3,3,4,5,3,5,83
804,3,5,6,5,5,4,4,3,4,4,4,4,3,3,4,5,4,4,74
805,5,4,4,3,6,5,4,3,4,5,5,5,3,4,3,5,3,3,74
806,4,5,4,3,5,4,5,3,4,4,5,4,4,3,3,4,3,5,72
807,4,4,4,3,5,4,4,3,4,5,4,5,3,4,3,4,3,5,71
808,4,5,6,3,5,6,4,5,4,5,4,6,5,5,3,4,3,5,82
809,5,5,7,4,6,4,4,4,4,7,8,4,3,4,3,5,4,3,84
810,3,3,3,3,5,5,5,5,5,7,4,6,3,4,3,4,4,5,77
811,5,5,5,3,7,4,4,3,4,6,5,4,3,5,3,5,4,6,81
812,3,4,3,3,5,5,5,3,4,7,6,7,4,4,4,4,3,6,80
813,5,4,9,4,6,4,4,3,5,6,6,5,4,5,3,5,4,6,88
814,3,3,5,3,5,3,5,3,5,5,4,4,4,3,3,4,5,5,72
815,3,4,6,4,6,5,4,4,4,7,5,6,4,5,3,5,4,5,84
816,4,6,6,5,6,4,5,3,5,5,4,5,3,4,4,8,5,5,87
817,5,4,4,3,8,4,5,3,5,6,6,5,4,6,4,5,3,4,84
818,4,4,4,3,5,5,3,3,4,5,3,5,3,4,3,5,4,3,70
819,4,5,4,3,5,6,5,3,4,4,6,5,5,4,3,4,3,6,79
820,4,5,6,3,7,4,8,4,5,5,7,4,5,5,5,5,3,5,90
821,4,6,4,3,5,4,6,3,3,5,4,3,3,4,4,4,3,4,72
822,4,4,4,4,6,4,4,6,5,7,5,6,3,5,3,4,4,6,84
823,5,5,5,4,6,4,4,3,6,6,5,7,4,6,4,5,5,5,89
824,4,4,4,3,8,3,4,4,4,6,4,4,3,3,3,5,3,3,72
825,5,6,5,3,6,5,3,4,4,7,5,6,4,6,3,6,4,4,86
826,3,3,6,3,8,6,6,6,8,6,4,7,4,4,6,7,3,4,94
827,3,3,3,4,7,5,4,4,4,7,6,6,3,5,3,4,3,5,79
828,4,4,4,3,5,9,4,4,5,8,4,5,3,5,3,5,3,4,82
829,4,4,3,4,6,4,5,3,4,4,4,4,3,4,4,5,4,4,73
830,5,5,5,5,6,7,6,4,4,6,6,7,4,5,4,6,4,7,96
831,6,5,7,4,6,5,7,3,4,6,6,5,3,6,5,4,3,5,90
832,4,3,4,4,6,4,6,5,4,5,5,5,6,5,4,7,4,8,89
833,6,7,6,7,6,4,6,3,6,6,4,6,3,4,5,5,3,4,91
834,6,8,4,7,4,5,7,3,5,8,7,5,4,7,4,8,5,6,103
835,5,4,6,4,8,4,5,3,4,7,6,4,3,5,3,3,4,6,84
836,4,3,5,4,7,4,5,3,5,6,6,5,4,5,3,5,3,3,80
837,4,4,4,4,4,3,5,4,4,5,4,4,3,4,4,4,3,4,71
838,3,3,4,4,6,4,4,4,4,6,4,5,3,4,3,6,4,5,76
839,3,4,3,3,6,6,6,4,5,7,4,4,4,5,4,5,3,7,83
840,6,5,5,4,6,6,6,4,4,6,6,7,8,5,3,5,3,6,95
841,5,4,5,4,6,4,6,3,4,6,6,6,7,4,3,5,3,5,86
842,4,5,5,3,7,5,8,5,5,5,7,5,6,6,5,5,3,6,95
843,5,7,4,3,7,6,4,3,4,8,5,5,4,6,3,5,3,4,86
844,5,4,4,5,7,5,4,6,4,5,5,5,4,5,3,5,3,4,83
845,5,6,5,4,6,5,5,4,5,7,6,4,4,8,4,6,4,6,94
846,4,6,5,3,6,4,5,3,4,6,5,5,4,4,5,5,4,4,82
847,6,5,4,5,7,4,5,5,5,5,5,5,4,5,4,4,4,6,88
848,3,4,5,3,6,4,5,3,4,6,6,4,3,5,4,5,3,4,77
849,7,5,4,4,6,4,5,4,5,6,6,6,6,5,3,7,4,6,93
850,4,4,4,3,8,4,4,5,4,6,4,5,3,4,3,5,3,4,77
851,5,6,5,3,7,5,7,5,5,6,7,5,6,6,5,5,3,4,95
852,3,5,5,3,8,6,6,4,7,7,4,8,4,5,3,5,5,5,93
853,4,4,3,4,5,4,3,4,4,6,4,5,3,5,4,4,4,4,74
854,4,4,4,5,5,6,3,4,4,5,4,6,3,5,8,4,3,4,81
855,4,4,6,4,6,4,5,3,5,5,5,4,3,4,3,4,4,5,78
856,4,3,4,4,8,5,6,4,5,6,6,6,4,6,3,5,3,7,89
857,6,4,5,3,6,4,5,4,5,6,4,7,6,6,4,7,4,4,90
858,5,6,4,4,7,6,6,4,4,6,6,5,5,6,3,6,4,6,93
859,6,4,5,4,5,5,4,5,6,7,4,6,3,6,4,4,3,7,88
860,3,3,7,3,6,4,4,4,4,5,6,5,3,4,4,6,4,4,79
861,6,5,4,5,6,5,5,4,5,5,6,6,6,4,3,5,3,5,88
862,4,4,6,4,6,3,5,3,4,7,4,5,5,5,4,6,3,6,84
863,3,5,7,3,6,4,5,3,5,7,5,5,3,4,4,5,4,4,82
864,4,5,5,3,5,6,4,3,5,7,6,6,5,4,5,5,4,5,87
865,3,3,4,3,7,5,4,4,4,6,5,5,3,5,3,5,3,4,76
866,4,5,6,4,7,4,4,4,5,5,4,5,4,5,4,5,3,4,82
867,5,3,4,4,7,7,3,3,4,4,4,4,3,5,3,3,3,5,74
868,4,3,5,6,8,4,6,3,6,6,5,4,4,3,4,4,4,4,83
869,6,7,6,4,5,4,6,3,4,5,6,4,4,5,3,4,3,5,84
870,5,5,6,4,6,4,6,3,5,9,7,4,4,5,3,4,5,5,90
871,3,4,4,4,5,5,5,3,4,6,4,5,3,6,3,4,3,4,75
872,5,3,4,3,6,5,3,4,4,6,4,5,3,6,3,4,3,5,76
873,4,4,3,3,6,4,3,3,5,6,4,5,4,5,4,5,4,3,75
874,4,7,5,4,5,5,5,3,4,6,3,7,4,6,4,5,3,5,85
875,3,5,6,3,6,6,5,4,5,7,5,6,4,5,4,5,4,5,88
876,5,8,6,4,7,4,4,3,4,6,4,4,3,4,4,5,3,4,82
877,5,7,8,3,8,4,5,3,5,6,6,6,3,4,4,4,5,6,92
878,6,5,5,3,6,5,5,3,5,6,7,6,4,4,3,5,3,5,86
879,5,7,6,3,7,6,5,3,7,6,6,4,4,5,5,4,3,5,91
880,4,4,3,4,6,4,4,3,4,6,3,6,4,5,4,4,4,5,77
881,3,4,6,3,6,4,5,3,5,7,5,5,3,4,4,5,4,4,80
882,5,7,5,3,7,6,5,3,4,7,5,5,4,6,3,5,3,5,88
883,6,4,5,4,7,7,4,3,4,4,4,4,4,5,4,3,3,5,80
884,5,4,3,4,6,7,3,3,5,5,4,5,4,4,4,4,3,4,77
885,5,6,4,3,5,4,3,3,4,4,5,5,3,5,4,4,3,5,75
886,5,7,6,3,7,6,5,3,7,6,6,4,4,5,5,4,3,5,91
887,4,4,4,4,5,4,3,3,4,7,4,5,3,4,4,4,4,4,74
888,3,4,5,3,5,6,3,5,4,6,4,6,4,5,3,4,3,5,78
889,7,6,5,5,6,6,8,3,5,5,6,5,4,5,3,6,3,7,95
890,5,5,6,4,6,3,5,3,6,5,5,6,4,5,5,5,6,4,88
891,4,4,4,3,9,4,5,3,4,5,6,5,4,5,5,4,3,4,81
892,7,4,6,5,9,7,3,5,4,8,5,5,4,4,3,4,6,5,94
893,4,3,3,3,5,5,4,3,4,6,6,4,4,5,3,5,4,6,77
894,4,4,6,4,5,6,5,4,5,5,6,5,3,5,3,4,3,6,83
895,3,4,3,5,7,6,5,4,4,6,4,5,4,5,3,5,6,6,85
896,4,6,3,3,6,5,5,3,5,7,4,5,3,5,4,5,3,3,79
897,6,4,6,3,6,4,6,4,5,5,4,7,6,6,4,7,4,5,92
898,5,4,7,4,6,4,7,3,4,6,5,4,3,5,5,4,3,4,83
899,6,3,5,4,6,4,5,3,4,4,5,5,3,5,3,4,3,3,75
900,4,4,4,3,5,4,3,4,4,5,7,5,4,5,3,4,4,4,76
901,3,3,6,3,6,5,4,5,4,5,6,6,3,5,4,6,4,5,83
902,5,5,3,4,7,3,4,3,4,6,5,5,4,6,3,4,3,4,78
903,5,5,5,4,6,7,5,4,6,6,7,5,4,5,4,4,3,6,91
904,6,4,5,3,6,4,5,3,4,6,5,6,3,4,6,4,3,7,84
905,3,5,4,5,7,6,5,4,4,6,4,5,4,5,3,5,5,6,86
906,4,4,5,4,6,5,4,4,5,6,5,5,3,5,3,4,4,6,82
907,4,3,3,4,5,5,4,3,4,4,7,7,4,5,3,6,3,6,80
908,5,4,4,3,6,5,4,3,4,6,5,5,3,4,3,5,3,3,75
909,4,4,4,3,5,4,4,3,4,5,4,5,3,4,3,4,4,5,72
910,3,3,3,4,6,5,6,5,4,6,4,4,4,5,3,3,4,7,79
911,4,5,3,4,7,4,6,3,4,6,5,4,4,5,3,6,4,5,82
912,4,5,3,3,7,7,3,3,6,6,5,5,3,5,3,6,3,4,81
913,5,8,6,4,6,5,5,3,5,7,7,4,4,6,4,5,5,7,96
914,5,4,6,4,6,5,6,3,4,7,5,5,3,6,4,4,3,5,85
915,7,3,6,4,5,3,5,3,7,4,7,5,3,3,3,5,4,5,82
916,6,4,4,4,7,4,5,4,4,6,4,4,3,5,3,6,5,4,82
917,4,3,5,6,6,4,6,3,5,6,7,4,3,6,4,5,4,4,85
918,5,4,6,4,6,3,6,4,4,5,5,4,5,4,4,7,4,7,87
919,6,4,6,3,5,3,5,3,4,6,5,4,3,4,4,6,3,4,78
920,7,3,5,4,5,4,5,3,7,4,7,6,3,4,3,5,4,6,85
921,7,6,4,4,6,4,4,4,4,6,6,6,4,7,3,4,3,6,88
922,5,4,4,4,5,6,4,3,4,7,4,4,3,4,3,6,3,4,77
923,4,6,4,3,5,5,6,4,3,5,4,4,4,5,4,4,3,5,78
924,5,5,6,4,7,4,6,4,5,7,6,5,3,5,4,5,3,6,90
925,5,6,7,5,7,5,6,3,5,6,4,5,9,6,4,6,3,8,100
926,9,4,4,3,8,6,6,4,7,7,4,8,4,5,3,5,6,5,98
927,6,4,4,4,6,5,4,3,4,6,4,7,4,6,4,5,4,5,85
928,6,4,4,4,7,4,5,4,4,6,4,4,3,5,3,6,5,4,82
929,3,4,6,3,7,4,5,3,4,5,6,4,3,4,3,5,3,3,75
930,3,3,3,3,7,6,4,4,5,6,5,5,3,5,3,6,3,5,79
931,5,4,6,4,6,5,7,3,5,6,5,5,5,5,7,5,3,3,89
932,4,4,5,3,5,5,4,3,4,5,3,5,3,4,3,5,4,4,73
933,5,6,6,5,7,5,5,3,5,7,4,5,9,6,4,6,3,6,97
934,5,6,3,4,7,6,4,4,4,6,5,5,5,6,3,6,4,4,87
935,4,5,5,4,7,4,6,5,5,6,4,5,4,5,4,4,4,6,87
936,5,5,5,3,6,4,4,6,5,6,8,5,3,4,3,5,3,5,85
937,4,4,3,4,6,5,4,4,3,7,5,6,3,5,4,3,4,4,78
938,4,3,4,4,7,5,4,4,5,7,6,6,4,6,3,5,3,4,84
939,5,4,5,4,6,4,5,3,4,7,4,4,4,5,3,5,3,6,81
940,4,4,4,3,6,4,4,4,4,6,4,6,4,5,3,6,3,5,79
941,3,6,4,4,5,4,4,3,5,5,4,6,3,5,4,4,4,5,78
942,5,6,5,4,6,5,4,4,5,5,6,6,4,5,4,5,3,6,88
943,4,4,4,4,7,5,5,4,4,6,7,6,3,5,3,4,3,5,83
944,8,8,4,4,6,5,4,4,4,6,4,6,4,5,4,4,3,4,87
945,5,5,4,3,6,4,4,4,4,5,4,6,5,5,3,6,3,4,80
946,4,4,5,3,5,4,5,4,4,5,4,5,3,5,4,5,4,5,78
947,5,4,5,3,6,6,5,4,5,6,6,5,3,5,3,6,3,5,85
948,3,5,6,3,5,5,3,4,4,5,3,5,4,8,3,4,3,5,78
949,4,4,4,4,6,3,7,3,5,6,5,5,3,4,4,5,3,4,79
950,4,4,3,3,5,5,4,3,5,5,4,5,3,4,4,4,4,5,74
951,4,5,5,3,5,6,4,3,5,7,7,6,5,4,5,5,4,5,88
952,4,4,4,3,5,9,4,4,5,7,4,5,3,5,3,5,3,4,81
953,4,5,6,3,6,5,5,3,4,7,5,5,4,7,4,5,3,4,85
954,7,5,6,4,6,5,4,3,4,6,5,4,3,4,4,6,3,5,84
955,3,6,5,4,6,4,4,4,4,7,6,8,3,5,4,5,6,7,91
956,7,6,4,4,6,3,4,3,4,6,6,5,3,6,3,4,3,5,82
957,3,3,3,4,5,4,3,3,4,6,5,6,3,5,3,4,3,4,71
958,4,5,5,4,7,4,6,5,5,6,4,5,4,5,4,4,4,6,87
959,4,4,5,3,9,4,7,3,4,5,7,5,4,5,5,4,3,6,87
960,5,7,3,7,4,5,7,3,5,8,6,5,4,7,4,8,6,6,100
961,3,5,5,4,5,6,5,5,3,6,3,4,4,3,3,4,4,5,77
962,4,4,4,3,5,4,4,3,3,5,5,5,4,3,4,5,3,4,72
963,5,3,3,4,7,5,5,5,4,6,4,5,4,6,3,6,6,5,86
964,4,5,5,4,6,4,4,3,5,5,5,5,3,4,4,5,3,5,79
965,5,5,4,4,6,4,4,4,4,5,4,5,4,4,5,4,3,7,81
966,5,5,5,4,6,4,4,3,4,8,4,6,6,6,4,6,3,5,88
967,4,5,4,4,6,4,6,4,4,6,7,5,4,5,4,6,4,6,88
968,3,4,5,5,5,4,4,3,4,4,4,4,3,3,4,5,4,4,72
969,7,4,5,4,6,4,6,4,6,6,4,7,5,5,3,5,4,7,92
970,4,4,5,3,5,9,5,4,5,7,4,5,3,5,3,5,3,5,84
971,3,5,4,5,6,6,4,3,5,6,4,6,3,5,3,8,5,6,87
972,4,5,6,4,6,3,4,3,4,5,4,3,3,5,3,5,4,4,75
973,4,4,6,4,6,3,5,3,4,5,4,4,3,3,4,6,4,4,76
974,5,4,3,5,7,3,5,4,5,5,5,4,3,4,4,4,4,5,79
975,4,5,4,3,5,7,5,4,5,5,4,6,4,6,5,5,3,7,87
976,5,5,6,5,5,5,5,3,5,6,6,5,3,4,4,6,5,5,88
977,4,4,3,5,4,4,3,4,4,5,4,5,4,5,5,4,3,5,75
978,3,3,3,3,4,4,5,4,4,5,4,5,4,4,5,4,4,5,73
979,5,6,5,3,5,4,4,3,4,4,6,5,3,5,4,4,3,7,80
980,4,4,5,3,5,4,5,3,5,5,4,5,5,3,3,4,3,5,75
981,5,5,4,4,6,4,4,6,5,6,5,5,4,5,3,4,4,4,83
982,4,4,6,3,5,4,4,3,4,7,4,4,3,4,4,6,3,4,76
983,5,5,6,3,7,3,4,3,6,7,5,5,4,4,3,4,6,5,85
984,4,3,5,3,5,4,6,3,7,6,5,5,5,5,4,5,4,4,83
985,7,5,5,3,6,5,4,4,4,7,5,5,4,6,3,6,4,6,89
986,7,5,6,4,7,4,5,3,6,7,5,4,4,5,4,8,4,5,93
987,5,5,7,3,7,5,5,4,5,6,5,4,3,6,5,6,3,5,89
988,6,5,6,4,6,4,6,3,4,6,7,6,7,4,3,5,3,5,90
989,4,5,6,5,7,5,6,3,5,6,4,5,9,6,4,6,3,8,97
990,6,6,5,5,9,9,7,4,5,6,4,5,7,4,6,4,4,7,103
991,3,3,3,4,7,4,5,3,4,6,6,5,3,4,3,4,3,4,74
992,4,4,5,3,5,4,5,3,5,5,4,5,5,3,3,4,3,5,75
993,4,5,5,3,6,4,5,4,4,4,4,5,3,5,3,3,3,6,76
994,5,5,4,3,5,5,4,3,6,6,4,5,3,4,3,4,4,4,77
995,5,6,3,4,5,5,5,4,5,7,5,5,3,6,4,4,5,4,85
996,4,4,4,4,5,4,4,3,4,5,6,6,4,5,3,4,3,4,76
997,3,4,3,4,5,4,5,3,4,5,4,5,3,4,3,5,3,5,72
998,5,5,3,4,6,4,3,4,4,6,4,5,4,4,5,4,3,5,78
999,7,5,6,4,6,3,6,3,5,5,6,5,5,4,3,7,4,7,91
1000,6,6,5,4,6,4,4,3,6,6,5,7,5,6,5,5,5,4,92
1001,6,4,9,7,7,4,6,3,4,7,6,5,4,4,5,5,4,6,96
1002,4,5,6,3,5,6,4,5,4,5,4,6,5,5,3,4,3,5,82
1003,3,4,3,3,5,6,5,3,4,4,5,5,5,4,3,4,3,6,75
1004,5,5,5,3,6,7,5,3,4,8,6,6,4,5,5,5,3,6,91
1005,5,5,4,3,6,7,4,3,4,9,5,6,4,5,5,5,3,4,87
1006,4,5,4,4,8,5,4,3,7,4,4,6,4,4,3,5,3,5,82
1007,6,4,5,3,6,4,5,3,5,6,4,5,3,5,5,5,4,7,85
1008,6,5,5,4,6,6,6,4,4,6,7,7,8,5,3,5,3,6,96
1009,5,4,5,5,6,7,5,4,4,6,5,9,4,6,4,4,4,6,93
1010,3,4,4,3,6,5,9,3,4,7,4,5,4,5,5,5,4,5,85
1011,3,4,4,4,6,4,3,4,4,6,4,4,3,6,3,5,4,5,76
1012,3,3,4,4,5,4,4,3,4,5,4,4,3,4,4,4,4,5,71
1013,4,4,6,3,6,5,3,5,4,5,6,6,3,5,4,6,4,4,83
1014,4,5,5,3,6,4,6,4,3,5,6,5,5,7,4,4,5,5,86
1015,5,3,4,3,4,5,4,3,4,5,6,5,5,7,4,4,3,4,78
1016,4,4,3,5,6,4,4,4,4,5,5,4,5,4,4,4,4,4,77
1017,4,5,6,5,5,5,6,4,6,5,6,6,5,6,4,6,4,6,94
1018,4,5,8,4,7,3,5,3,5,5,4,4,3,4,4,5,3,5,81
1019,8,5,6,5,8,3,7,3,6,5,7,7,3,4,5,7,5,4,98
1020,5,4,5,4,6,4,6,5,4,5,5,5,6,5,4,7,4,8,92
1021,5,6,4,3,8,4,5,3,4,5,3,6,3,5,3,5,3,7,82
1022,3,4,4,4,5,6,5,5,3,6,3,4,4,3,3,4,4,5,75
1023,3,3,4,3,9,4,7,3,4,5,6,5,4,5,5,4,3,6,83
1024,4,6,3,3,5,5,5,4,3,6,4,4,4,5,4,4,3,4,76
1025,3,5,4,5,5,5,3,3,4,4,4,5,3,4,4,5,4,4,74
1026,3,3,3,4,6,5,4,4,3,7,5,6,3,5,3,3,4,5,76
1027,4,3,3,4,7,6,5,5,7,6,4,7,3,5,4,4,6,7,90
1028,4,3,3,6,5,6,6,4,4,5,4,6,3,6,4,7,4,6,86
1029,6,4,3,4,5,3,5,3,4,5,4,4,3,3,5,4,3,4,72
1030,3,3,5,4,7,5,4,3,4,6,7,5,3,5,4,4,3,5,80
1031,5,4,4,6,5,4,6,3,4,5,4,5,3,5,4,7,4,5,83
1032,5,6,5,4,7,5,4,4,5,7,5,6,5,3,3,5,3,6,88
1033,4,7,6,3,8,4,5,3,5,6,5,5,3,5,3,7,3,6,88
1034,4,4,6,4,5,3,5,3,4,5,4,4,3,5,3,5,3,4,74
1035,4,5,3,3,5,5,4,3,4,7,6,7,4,4,4,4,3,4,79
1036,5,4,5,4,8,6,5,3,4,7,5,5,4,6,3,3,4,7,88
1037,3,3,4,7,5,6,5,6,4,4,5,6,5,4,5,5,3,5,85
1038,4,8,4,3,4,4,4,3,4,6,5,5,3,5,3,5,5,3,78
1039,4,5,4,4,5,4,5,3,4,5,4,5,3,4,3,5,3,5,75
1040,5,7,6,3,6,4,5,3,4,6,5,5,4,4,5,5,4,4,85
1041,7,4,3,4,5,6,5,3,5,5,6,6,4,5,4,5,4,4,85
1042,3,3,5,3,9,3,7,3,4,5,6,4,3,5,5,4,3,5,80
1043,4,4,4,4,6,4,5,3,5,5,5,4,4,3,4,5,3,4,76
1044,4,5,4,3,7,5,4,3,6,5,6,4,3,4,3,6,3,4,79
1045,4,4,6,4,4,4,5,3,4,6,4,3,3,3,3,4,3,6,73
1046,6,5,4,4,7,4,4,4,4,7,8,5,6,4,5,5,4,3,89
1047,4,5,5,3,6,5,5,3,4,6,6,5,4,6,4,5,3,5,84
1048,5,5,4,4,6,7,4,4,6,6,6,5,4,5,4,4,3,4,86
1049,3,3,4,4,5,5,5,4,4,6,4,6,4,4,3,4,3,3,74
1050,5,4,6,3,5,4,4,3,4,7,3,3,3,4,3,4,4,4,73
1051,4,4,5,4,7,5,3,4,3,6,4,5,4,5,4,4,3,4,78
1052,5,7,7,3,7,4,4,3,6,6,7,5,3,5,4,6,3,5,90
1053,7,5,6,4,5,5,5,5,6,6,4,6,4,6,6,4,3,7,94
1054,3,3,3,4,9,5,7,3,5,6,3,4,4,4,3,5,3,5,79
1055,5,4,5,3,5,4,5,5,5,5,5,5,6,3,4,4,5,5,83
1056,5,5,4,4,6,7,4,4,6,7,6,5,4,5,4,4,3,4,87
1057,4,5,4,4,5,3,5,3,4,5,4,4,3,3,3,5,3,4,71
1058,5,4,5,4,5,4,4,4,4,5,5,5,3,4,4,5,4,6,80
1059,3,3,3,5,6,4,5,4,4,5,5,4,5,4,4,4,4,5,77
1060,5,4,6,4,8,4,6,3,5,6,7,5,3,5,3,5,3,6,88
1061,3,3,5,3,5,4,4,3,4,7,4,4,3,4,4,6,3,4,73
1062,3,5,4,5,7,4,5,3,4,6,4,4,3,4,3,5,5,5,79
1063,3,3,3,4,6,4,4,3,4,6,3,6,4,5,4,4,4,5,75
1064,4,4,5,3,5,5,4,3,4,7,4,5,4,5,4,6,3,5,80
1065,3,5,4,5,7,4,5,3,4,6,4,4,3,4,3,5,5,5,79
1066,4,4,4,4,5,4,4,3,4,5,5,6,4,5,3,4,3,4,75
1067,4,4,4,3,7,4,5,3,5,5,5,4,3,4,4,6,3,4,77
1068,6,5,3,4,6,4,3,4,4,7,5,6,3,7,3,4,3,6,83
1069,4,4,5,4,5,4,3,3,4,6,4,5,3,4,4,4,4,6,76
1070,4,4,6,7,5,4,5,4,4,4,5,5,4,3,5,5,3,4,81
1071,3,3,6,4,7,5,4,3,5,7,3,7,4,4,3,4,3,6,81
1072,5,4,6,4,5,3,6,3,4,5,4,5,3,3,3,4,3,3,73
1073,6,4,4,4,6,7,4,4,4,6,5,5,4,5,4,6,3,6,87
1074,6,4,3,4,6,5,3,3,4,7,4,7,4,6,4,5,4,4,83
1075,4,4,6,4,5,6,5,4,5,5,5,5,3,5,3,4,3,6,82
1076,5,5,5,4,6,4,4,3,4,7,4,6,6,6,4,6,3,5,87
1077,5,6,6,6,7,3,6,3,5,4,8,4,3,4,3,7,3,5,88
1078,3,4,3,4,5,5,5,3,4,6,4,5,3,5,3,4,3,5,74
1079,4,3,4,3,6,6,5,4,5,6,5,5,3,5,3,6,3,5,81
1080,4,8,5,3,4,4,5,3,4,6,6,5,3,5,3,5,5,4,82
1081,5,5,6,3,6,3,4,4,5,6,7,4,3,3,3,5,3,4,79
1082,4,4,6,4,7,5,4,4,3,6,4,5,4,5,4,4,3,5,81
1083,4,5,4,4,5,4,5,5,5,6,4,5,3,5,3,5,4,5,81
1084,4,4,4,4,5,4,4,3,4,5,7,4,3,3,4,7,3,4,76
1085,3,5,4,4,5,6,4,5,3,7,3,4,4,3,3,4,4,4,75
1086,7,4,5,4,6,6,5,3,4,4,6,6,4,6,3,4,3,4,84
1087,5,4,5,3,5,5,6,4,7,6,6,6,6,6,4,5,4,5,92
1088,3,3,3,3,8,4,3,5,4,7,4,5,3,4,3,5,3,4,74
1089,4,6,4,4,6,5,4,3,5,4,5,4,4,6,4,5,4,4,81
1090,5,5,5,4,8,5,6,5,4,7,4,6,3,6,3,6,4,8,94
1091,4,5,4,4,7,5,3,4,5,8,5,6,4,3,3,5,3,6,84
1092,3,3,4,3,5,5,3,3,4,8,4,5,3,5,3,6,3,5,75
1093,3,3,4,3,5,5,4,3,4,5,3,5,3,4,3,5,4,4,70
1094,3,4,4,5,5,5,4,3,4,4,4,5,3,4,4,5,4,5,75
1095,4,5,7,5,5,4,6,3,6,5,5,5,4,5,4,6,4,5,88
1096,5,5,5,4,7,4,5,4,4,6,5,4,3,5,4,5,3,8,86
1097,5,6,4,3,8,4,5,3,4,5,3,6,3,5,3,5,3,7,82
1098,4,6,5,4,6,5,5,3,5,4,6,4,4,6,4,5,4,6,86
1099,5,4,6,4,5,4,5,3,4,6,4,3,3,3,3,6,3,5,76
1100,4,4,3,4,6,3,5,3,4,4,4,5,3,5,3,5,3,5,73
1101,3,4,4,4,7,4,5,5,5,7,4,5,3,5,3,4,4,6,82
1102,3,4,4,3,5,6,4,3,5,7,6,6,5,4,5,5,4,5,84
1103,3,3,5,3,7,4,5,3,4,5,5,4,3,4,3,5,3,3,72
1104,3,3,5,3,5,4,5,3,4,8,6,5,3,5,3,5,7,7,84
1105,5,4,5,4,5,4,6,3,4,5,4,6,4,4,3,4,3,4,77
1106,4,4,5,4,7,4,6,3,5,7,5,4,3,4,3,6,3,4,81
1107,5,4,5,3,3,5,5,3,5,6,5,6,4,5,3,5,5,7,84
1108,5,4,4,4,5,4,3,4,4,5,5,5,3,4,4,5,4,4,76
1109,4,4,4,3,6,9,4,3,5,7,4,5,4,5,3,7,4,6,87
1110,4,4,3,4,5,4,3,3,4,5,5,6,4,5,3,4,3,3,72
1111,4,4,4,4,6,4,7,4,5,6,5,6,4,5,4,5,3,5,85
1112,4,6,5,4,6,6,4,5,5,6,5,5,3,6,3,3,3,4,83
1113,5,4,5,4,6,4,6,5,4,5,6,5,6,5,4,7,4,8,93
1114,3,3,5,3,4,4,5,3,4,5,4,5,4,4,4,4,4,4,72
1115,3,4,3,4,5,4,6,3,4,5,5,4,3,4,3,4,3,3,70
1116,4,4,4,3,5,4,4,3,5,6,4,5,5,3,3,4,3,4,73
1117,4,4,4,3,7,4,3,3,4,7,5,4,3,5,3,5,4,6,78
1118,5,4,4,3,6,5,5,3,5,6,7,6,4,4,3,5,3,5,83
1119,7,4,4,4,5,4,5,3,5,7,5,6,5,6,3,5,3,5,86
1120,4,4,4,3,5,4,6,4,5,6,4,5,3,3,4,4,4,4,76
1121,4,3,5,4,6,3,6,4,4,5,5,4,5,4,4,7,4,7,84
1122,4,5,5,4,6,4,5,3,5,7,5,3,3,7,4,6,4,5,85
1123,5,5,4,3,7,3,4,3,4,4,6,5,4,5,3,4,6,5,80
1124,5,5,5,4,8,5,6,5,4,7,4,6,3,6,3,6,4,8,94
1125,5,3,5,5,6,4,5,4,4,6,5,6,3,6,3,5,3,5,83
1126,4,5,4,3,5,4,5,4,4,4,6,4,4,3,3,4,3,5,74
1127,7,5,4,4,6,5,4,3,4,5,4,5,3,5,3,5,3,5,80
1128,5,4,5,4,6,4,5,3,4,7,4,4,4,5,3,5,3,6,81
1129,4,4,4,4,5,4,4,4,4,5,4,5,3,5,4,4,4,6,77
1130,4,5,6,4,6,5,4,5,4,6,5,6,4,6,3,5,4,4,86
1131,4,6,4,3,6,5,6,3,5,6,4,5,3,5,4,5,3,4,81
1132,4,5,4,4,8,4,4,3,7,4,4,5,3,3,3,5,3,4,77
1133,3,3,5,4,7,5,3,4,3,7,4,5,3,5,3,4,3,5,76
1134,4,5,5,3,5,6,4,3,5,7,7,6,5,4,5,5,4,5,88
1135,5,4,4,4,5,4,4,3,4,4,4,4,6,5,3,4,3,5,75
1136,9,4,5,3,8,4,6,3,7,7,4,7,3,4,3,5,6,4,92
1137,4,6,4,3,7,6,4,3,4,8,5,5,3,6,3,5,3,5,84
1138,6,4,7,5,6,3,5,3,4,6,6,5,3,5,3,5,3,4,83
1139,4,5,5,3,6,6,6,5,4,7,5,6,5,5,5,4,5,4,90
1140,4,5,5,4,6,4,4,4,4,5,4,4,4,6,3,5,4,5,80
1141,5,4,4,4,5,4,5,4,4,5,5,6,4,6,4,5,3,5,82
1142,4,5,4,3,5,5,5,3,4,7,7,7,4,4,4,4,3,6,84
1143,4,4,3,4,6,5,5,3,4,6,5,6,4,4,5,5,4,4,81
1144,4,4,3,4,6,4,3,3,4,7,3,6,4,5,4,4,4,4,76
1145,4,5,5,3,6,5,4,4,4,6,5,6,4,6,3,6,4,6,86
1146,4,5,3,3,5,6,4,3,4,4,5,5,5,4,3,4,3,4,74
1147,5,5,4,3,6,4,3,6,5,6,7,5,3,4,3,5,3,4,81
1148,3,4,4,3,6,4,5,4,4,4,4,5,3,5,3,3,3,6,73
1149,5,5,5,3,6,4,5,4,4,5,4,6,5,5,3,6,3,5,83
1150,3,3,3,4,7,5,5,3,5,6,6,6,4,5,3,4,3,5,80
1151,6,5,5,4,7,4,5,4,4,7,9,5,6,4,5,5,4,4,93
1152,4,6,6,4,8,3,6,3,7,6,4,4,3,4,5,4,3,5,85
1153,4,4,4,3,6,4,4,3,5,5,4,5,4,5,4,5,4,4,77
1154,4,4,4,3,5,4,5,3,3,6,5,5,4,3,4,5,3,4,74
1155,5,8,6,4,6,5,5,3,5,7,6,4,4,6,4,5,5,7,95
1156,3,3,4,3,5,4,4,3,4,6,3,7,4,4,3,5,3,5,73
1157,5,5,6,4,5,6,4,4,5,5,6,5,5,4,5,4,3,5,86
1158,6,5,3,5,7,4,4,5,5,5,5,5,4,5,4,4,4,4,84
1159,6,5,3,5,6,5,4,4,5,6,5,6,6,4,3,5,3,4,85
1160,4,5,8,4,6,4,4,3,4,7,5,5,3,4,3,5,4,4,82
1161,5,5,6,4,6,5,5,3,6,6,7,4,3,4,4,4,3,5,85
1162,3,3,3,3,5,4,4,3,5,5,4,4,5,4,4,4,4,4,71
1163,4,5,6,4,7,3,6,4,5,6,4,4,3,4,4,4,4,5,82
1164,4,4,5,3,7,3,4,3,6,7,5,5,4,4,3,4,7,5,83
1165,5,4,4,4,6,4,4,5,4,5,5,5,6,5,4,7,4,6,87
1166,7,5,6,4,6,5,4,3,4,6,6,4,3,4,4,6,3,5,85
1167,6,5,4,5,6,6,7,3,5,6,5,5,3,5,3,6,3,7,90
1168,3,3,4,4,4,5,4,3,4,7,4,4,3,4,3,4,3,7,73
1169,5,5,7,4,6,4,4,3,4,6,4,5,6,5,7,4,3,5,87
1170,5,3,6,5,6,3,5,3,4,6,5,5,3,5,3,5,3,4,79
1171,4,5,5,4,7,4,4,3,5,7,5,5,4,9,3,5,3,5,87
1172,3,5,6,3,8,4,6,3,7,7,4,7,3,4,3,5,5,4,87
1173,5,6,4,4,7,6,6,4,4,6,6,5,5,6,3,6,4,6,93
1174,5,5,6,4,6,5,5,4,5,5,6,5,4,5,3,4,4,6,87
1175,7,5,6,5,6,5,4,3,4,5,6,5,4,5,5,6,3,6,90
1176,4,3,8,3,5,4,4,4,5,8,4,4,3,4,3,4,3,4,77
1177,5,5,5,4,7,5,6,6,5,7,7,6,4,6,4,5,3,7,97
1178,5,5,4,4,6,3,4,3,4,5,4,4,3,3,5,4,3,6,75
1179,4,5,3,3,7,7,3,3,6,5,5,5,3,5,3,6,3,4,80
1180,4,7,5,3,8,5,5,4,5,6,5,6,4,6,3,7,3,7,93
1181,3,5,7,3,6,4,5,3,5,7,5,5,3,4,4,5,4,4,82
1182,5,5,6,3,7,5,4,4,5,7,5,4,3,6,5,6,3,4,87
1183,4,4,6,5,5,4,4,3,4,5,4,5,3,4,8,4,3,5,80
1184,4,4,5,3,6,5,5,3,4,8,5,5,3,4,5,5,3,5,82
1185,4,4,6,4,6,4,4,3,4,6,4,5,6,5,7,4,3,5,84
1186,5,6,7,4,6,5,5,4,5,5,5,5,4,6,5,4,4,6,91
1187,6,6,5,4,6,6,6,3,4,6,7,5,4,4,4,4,4,6,90
1188,5,5,4,4,8,5,4,5,4,7,4,6,3,6,3,6,4,6,89
1189,3,3,3,4,9,4,8,3,5,5,3,3,5,3,4,5,3,4,77
1190,4,4,4,3,7,6,5,4,5,5,6,5,4,5,4,6,3,5,85
1191,4,4,5,3,5,4,6,3,3,5,6,5,4,3,4,5,3,5,77
1192,6,6,7,4,6,3,5,3,6,5,5,6,4,5,5,5,5,4,90
1193,5,6,5,4,5,4,6,5,5,5,4,5,4,5,4,5,4,5,86
1194,7,6,3,4,6,4,3,4,4,7,5,6,4,7,3,4,3,4,84
1195,5,4,6,3,5,4,6,3,7,6,6,5,5,5,4,5,4,4,87
1196,3,4,3,4,5,4,4,3,4,6,4,5,3,4,3,5,3,5,72
1197,3,3,4,3,5,4,4,4,4,5,7,5,4,5,3,4,4,5,76
1198,3,5,3,3,5,5,5,4,3,6,4,4,3,5,3,4,3,5,73
1199,4,4,4,3,5,4,4,3,4,5,5,4,3,3,5,4,3,4,71
1200,7,6,4,5,6,6,6,3,5,5,5,5,4,5,3,6,3,5,89
1201,4,4,3,4,6,3,4,3,4,4,4,5,3,5,3,5,3,4,71
1202,4,4,4,5,5,6,3,4,4,6,4,6,3,5,8,4,3,4,82
1203,3,4,5,3,6,6,7,5,4,6,5,6,5,5,5,4,6,6,91
1204,4,4,4,3,7,4,5,3,5,5,6,4,3,4,4,6,3,4,78
1205,4,4,4,3,6,4,3,3,4,5,4,5,4,5,3,5,3,4,73
1206,5,4,5,3,3,5,5,3,5,6,6,6,4,5,3,5,5,7,85
1207,4,4,5,3,6,7,5,3,5,6,4,4,4,4,4,7,4,5,84
1208,3,4,3,3,6,7,4,5,5,7,4,5,3,4,4,4,3,5,79
1209,5,5,4,4,6,4,4,4,4,5,4,5,4,4,5,4,3,7,81
1210,4,4,3,4,6,4,5,3,3,6,6,5,3,4,4,3,4,4,75
1211,4,5,4,3,5,6,5,3,4,4,6,5,5,4,3,4,3,6,79
1212,3,4,5,3,6,6,6,5,4,7,5,6,4,5,4,4,5,6,88
1213,4,5,4,4,5,3,5,3,4,5,4,4,3,3,3,5,3,4,71
1214,3,4,4,3,6,5,4,3,4,7,6,5,3,6,3,5,3,5,79
1215,4,4,6,4,7,5,4,3,5,6,3,7,5,4,4,4,3,4,82
1216,4,4,4,4,7,5,6,6,5,7,6,6,4,6,4,5,3,7,93
1217,5,7,5,3,6,4,7,5,6,5,6,5,4,6,3,5,3,6,91
1218,6,4,5,3,6,8,6,3,3,7,5,5,3,6,4,6,5,5,90
1219,5,4,3,4,5,5,4,3,4,4,7,7,5,5,3,6,3,4,81
1220,3,5,3,4,5,7,6,3,6,7,3,4,3,6,3,4,3,6,81
1221,5,6,4,6,7,4,4,4,5,4,8,5,4,5,3,7,3,4,88
1222,5,6,5,4,5,4,6,3,4,5,5,4,4,5,3,4,3,5,80
1223,5,5,5,3,6,7,5,3,4,8,5,6,4,5,5,5,3,6,90
1224,6,4,6,3,5,3,5,3,4,6,6,4,3,4,4,6,3,4,79
1225,5,5,4,4,7,3,5,3,4,6,5,5,4,6,3,4,3,6,82
1226,4,3,4,3,5,4,4,5,5,6,5,5,4,3,3,4,5,5,77
1227,4,5,4,3,6,4,4,4,3,5,5,5,5,7,4,4,5,4,81
1228,4,5,4,4,6,5,6,3,4,5,5,5,3,5,4,5,4,7,84
1229,4,5,5,4,5,5,6,3,4,5,4,5,4,6,3,4,3,4,79
1230,4,5,6,3,4,4,5,3,6,5,4,4,4,5,3,5,4,4,78
1231,5,4,4,5,6,4,6,3,5,6,4,4,3,4,4,4,3,4,78
1232,4,4,6,4,7,5,4,3,5,7,3,7,5,4,4,4,3,4,83
1233,6,4,4,4,5,5,6,4,6,6,6,5,7,6,6,3,4,7,94
1234,4,4,5,4,5,6,4,4,5,6,5,5,3,5,3,4,3,4,79
1235,4,4,4,4,4,5,4,3,4,6,4,4,3,4,3,4,3,5,72
1236,4,5,5,4,5,3,6,4,5,5,4,4,3,4,4,5,4,4,78
1237,4,6,5,4,7,5,4,3,4,6,6,5,4,5,4,4,4,4,84
1238,3,3,3,3,5,4,4,3,4,6,5,6,3,4,3,4,4,5,72
1239,6,7,3,3,7,4,6,3,5,6,5,4,5,3,3,6,4,4,84
1240,4,4,3,3,7,3,4,3,4,4,5,5,4,5,3,4,7,5,77
1241,4,4,3,5,6,4,4,4,4,6,5,4,5,4,4,4,4,4,78
1242,4,4,3,3,5,5,4,5,5,6,4,6,3,4,4,4,4,4,77
1243,5,4,5,5,6,5,5,4,5,5,7,5,4,8,3,6,3,6,91
1244,4,4,6,3,7,5,5,4,5,6,5,4,3,6,5,6,3,5,86
1245,4,4,3,3,7,6,4,4,5,6,5,5,4,5,4,6,3,4,82
1246,5,4,6,6,6,4,6,3,5,6,8,4,3,6,4,5,4,4,89
1247,6,5,5,4,5,4,5,3,6,6,6,5,3,4,5,4,3,4,83
1248,5,3,4,3,6,8,5,3,3,8,5,5,3,6,3,6,5,5,86
1249,7,7,5,4,6,4,5,3,4,6,4,5,3,4,4,4,3,4,82
1250,5,7,6,3,7,5,4,4,6,6,6,6,4,6,4,6,3,6,94
1251,3,3,6,4,6,4,5,3,4,5,4,5,3,5,4,6,7,7,84
1252,5,4,5,4,7,3,5,3,4,7,8,4,5,3,5,5,4,3,84
1253,6,8,4,7,4,5,7,3,5,8,6,5,4,7,4,8,5,6,102
1254,5,4,4,4,8,6,4,3,4,7,5,5,4,6,3,3,4,5,84
1255,4,3,4,3,3,5,5,3,5,6,5,6,4,5,3,5,6,7,82
1256,4,4,3,4,6,4,3,4,4,6,4,5,3,4,4,4,3,7,76
1257,5,4,4,4,7,4,4,4,4,8,8,5,4,4,4,5,4,4,86
1258,4,4,4,3,6,3,4,3,5,5,4,4,3,4,4,5,4,3,72
1259,3,3,5,4,5,4,5,3,4,6,4,5,3,3,3,4,3,3,70
1260,4,5,5,5,5,5,4,4,6,5,5,6,5,6,4,6,4,4,88
1261,5,4,6,5,6,7,7,4,4,6,5,9,4,6,4,4,4,8,98
1262,4,4,4,3,9,4,6,3,4,6,6,5,4,5,5,4,3,4,83
1263,4,7,4,3,7,5,4,4,5,9,8,5,5,5,5,8,3,4,95
1264,4,4,7,4,5,4,5,3,5,5,5,4,3,4,3,4,3,5,77
1265,5,6,6,3,5,3,4,3,4,4,5,4,3,4,4,4,3,6,76
1266,5,6,4,7,6,6,6,4,6,6,4,7,4,5,5,5,3,5,94
1267,6,6,6,4,6,4,6,3,4,6,7,4,3,3,4,4,4,5,85
1268,4,6,5,3,6,3,7,4,6,5,5,4,3,5,3,5,3,5,82
1269,4,3,5,4,8,4,6,3,5,6,6,5,3,5,3,5,3,6,84
1270,4,3,5,5,7,4,6,4,4,5,5,4,3,4,3,5,3,5,79
1271,6,4,5,3,5,4,5,3,4,6,6,5,4,5,4,6,3,5,83
1272,3,3,3,4,5,3,8,3,4,5,4,3,4,4,5,4,5,4,74
1273,7,5,5,4,6,4,6,4,5,5,7,6,6,5,3,7,4,8,97
1274,4,4,4,3,8,4,4,5,4,6,4,5,3,4,3,5,3,4,77
1275,5,6,7,4,7,4,7,4,6,7,6,5,3,5,4,6,6,7,99
1276,4,5,6,4,6,5,5,4,5,5,5,5,4,6,5,4,4,6,88
1277,3,5,5,4,5,6,5,4,7,8,7,7,4,7,6,6,6,6,101
1278,5,4,4,3,6,5,4,5,4,6,4,5,3,5,4,5,3,4,79
1279,4,4,5,4,5,4,5,3,5,6,5,4,3,3,4,5,3,4,76
1280,3,3,5,4,7,5,4,3,4,6,6,5,3,5,4,4,3,5,79
1281,5,3,3,4,7,4,5,4,4,6,4,4,3,5,3,6,6,4,80
1282,5,3,4,3,4,5,4,3,4,5,6,5,5,7,4,4,3,4,78
1283,3,4,5,3,6,4,9,3,4,7,4,4,3,4,5,5,4,4,81
1284,5,3,6,3,6,3,6,3,5,5,4,6,5,5,4,7,4,4,84
1285,4,3,4,4,8,6,4,3,4,8,5,5,3,6,3,3,4,7,84
1286,4,3,6,4,6,5,6,3,4,5,6,5,3,5,4,4,4,6,83
1287,6,5,4,4,6,6,5,4,4,7,6,7,8,5,3,5,3,4,92
1288,3,5,6,4,5,4,5,3,7,8,8,6,3,6,6,6,6,5,96
1289,4,3,4,4,6,5,6,5,4,6,4,4,4,5,3,3,4,7,81
1290,5,3,5,3,5,3,5,3,4,6,5,4,3,4,4,6,3,4,75
1291,7,5,4,4,7,6,4,3,6,8,5,5,5,6,4,8,4,4,95
1292,4,7,4,4,7,6,3,3,4,7,4,5,3,5,3,5,3,5,82
1293,5,3,5,3,6,4,6,4,5,5,4,7,6,6,4,7,4,5,89
1294,4,7,5,4,5,5,5,3,4,6,9,7,4,6,4,5,3,5,91
1295,5,4,4,4,7,4,5,4,4,7,8,5,6,4,5,5,4,4,89
1296,4,4,4,3,5,5,6,5,5,6,4,6,3,4,4,4,4,5,81
1297,3,3,3,5,4,4,4,4,4,5,4,5,4,5,5,4,3,7,76
1298,5,4,4,3,5,4,4,5,5,6,5,5,6,3,4,4,5,4,81
1299,6,3,4,4,6,4,5,4,6,7,4,7,4,5,3,5,4,7,88
1300,4,5,6,3,6,3,6,3,3,5,5,4,4,6,4,4,5,4,80
1301,5,7,6,5,6,5,6,3,6,4,6,6,3,7,6,5,7,4,97
1302,5,3,4,3,5,4,5,3,4,6,5,5,4,5,4,6,3,5,79
1303,3,3,3,4,5,3,4,3,4,5,5,5,3,4,4,4,4,4,70
1304,4,4,4,3,5,4,5,3,4,5,4,5,4,4,3,4,4,4,73
1305,5,3,5,3,8,6,5,3,5,8,3,6,4,6,3,5,3,7,88
1306,4,4,4,4,6,7,5,4,6,6,6,5,4,5,4,4,3,6,87
1307,6,6,4,4,6,6,4,3,4,6,6,5,4,4,4,4,4,4,84
1308,4,4,4,3,6,4,3,6,5,7,7,5,3,4,3,5,3,5,81
1309,5,4,4,4,5,5,5,3,4,4,8,7,5,5,3,6,3,6,86
1310,5,4,4,4,5,5,5,3,4,4,7,7,5,5,3,6,3,6,85
1311,4,3,6,3,5,6,3,5,5,9,4,5,4,5,3,4,3,4,81
1312,5,4,4,3,8,4,5,3,5,6,6,5,4,6,4,5,3,4,84
1313,4,4,5,4,5,5,5,4,4,6,4,6,4,4,3,4,3,3,77
1314,3,4,5,3,4,6,7,3,5,5,6,6,3,4,3,5,6,5,83
1315,4,4,4,3,7,4,4,4,4,6,4,5,6,5,4,4,3,7,82
1316,4,6,6,4,6,4,5,3,5,4,5,3,4,5,4,5,4,5,82
1317,5,7,5,3,7,6,4,3,7,7,5,4,4,5,5,4,3,4,88
1318,4,4,5,7,5,6,5,6,4,4,6,6,5,4,5,5,3,5,89
1319,6,4,6,3,6,4,6,4,5,5,4,7,6,6,4,7,4,5,92
1320,4,4,5,3,9,4,7,3,4,5,7,5,4,5,5,4,3,6,87
1321,3,4,3,3,6,4,6,3,5,7,4,3,3,4,4,5,3,6,76
1322,5,7,4,3,6,4,6,5,6,6,5,5,4,6,3,5,3,4,87
1323,5,6,5,4,6,5,6,3,4,5,5,5,3,5,4,5,4,7,87
1324,6,4,5,4,7,4,5,3,6,7,5,4,4,5,4,8,4,5,90
1325,6,4,4,4,7,7,3,3,4,4,4,4,4,5,4,3,3,4,77
1326,5,3,3,3,4,5,3,3,4,6,5,5,5,7,4,4,3,3,75
1327,4,4,4,4,6,5,4,4,4,9,5,5,3,5,3,4,4,6,83
1328,3,5,6,3,6,6,5,4,5,7,5,6,4,5,4,5,4,5,88
1329,5,6,4,4,6,5,5,3,4,6,5,5,3,5,4,5,4,5,84
1330,4,7,4,3,8,5,4,4,5,7,5,6,4,6,3,7,3,5,90
1331,3,5,4,5,7,6,5,4,4,6,4,5,4,5,3,5,5,6,86
1332,4,3,3,3,6,5,6,4,4,5,3,5,4,4,4,4,3,5,75
1333,4,3,6,5,6,5,7,3,4,6,5,8,3,5,4,4,4,7,89
1334,4,5,4,3,6,4,4,4,4,4,4,5,3,5,3,3,3,4,72
1335,4,5,3,4,7,5,4,3,4,6,4,5,3,4,4,5,4,4,78
1336,4,3,4,3,6,5,5,5,4,6,4,5,3,5,4,5,3,6,80
1337,3,3,4,3,5,4,5,3,5,5,4,5,5,3,3,4,3,5,72
1338,5,4,3,3,6,5,6,6,4,7,4,6,3,5,5,4,4,6,86
1339,4,3,4,6,6,6,6,3,5,6,7,5,4,7,4,5,4,5,90
1340,4,4,4,3,5,5,3,3,4,6,3,5,3,4,3,5,4,3,71
1341,3,4,6,4,6,4,4,4,4,6,5,5,3,5,3,5,4,3,78
1342,3,4,4,3,5,5,5,3,4,5,3,5,3,5,3,4,3,4,71
1343,4,7,5,4,6,5,5,3,5,7,6,4,4,6,4,5,6,7,93
1344,5,6,5,3,6,4,5,4,4,6,4,8,5,9,3,4,3,6,90
1345,4,4,4,3,5,4,5,3,3,5,4,4,3,4,4,4,4,4,71
1346,3,3,5,3,5,3,5,3,4,5,4,4,3,4,4,5,4,4,71
1347,3,4,3,5,7,4,5,3,4,6,4,4,3,4,3,5,6,5,78
1348,4,3,5,3,3,4,5,3,5,6,5,5,3,4,3,5,6,6,78
1349,5,4,4,4,5,6,4,3,4,6,4,4,3,4,3,6,3,4,76
1350,4,5,5,3,6,4,6,4,3,5,5,5,5,7,4,4,5,5,85
1351,4,4,4,4,5,4,4,3,4,6,4,5,3,6,3,5,3,4,75
1352,7,5,7,4,4,4,5,4,7,5,7,6,5,4,3,5,4,3,89
1353,5,5,4,3,7,4,3,4,6,8,5,6,5,5,3,4,6,4,87
1354,4,4,5,4,6,6,4,3,4,5,4,6,4,6,4,6,6,6,87
1355,7,6,6,4,5,4,5,3,6,6,6,5,3,4,5,4,3,4,86
1356,5,6,6,4,7,5,7,5,6,7,5,6,4,6,4,6,6,8,103
1357,3,3,4,3,7,5,6,3,4,6,4,5,3,5,3,4,3,6,77
1358,3,3,4,4,4,5,5,3,4,6,4,4,3,4,3,4,3,7,73
1359,5,4,4,3,5,4,4,3,4,6,7,3,3,4,3,5,4,5,76
1360,4,5,4,3,6,5,4,3,4,7,6,5,4,6,4,5,3,4,82
1361,6,4,6,3,6,4,5,3,4,6,5,4,3,5,3,6,4,7,84
1362,4,3,4,6,6,6,5,3,5,7,7,5,3,7,3,5,4,5,88
1363,5,6,6,4,6,4,5,3,5,7,5,3,3,7,4,6,4,5,88
1364,5,6,6,4,5,3,6,4,5,5,4,4,3,4,4,5,4,4,81
1365,5,5,5,3,5,5,5,3,6,5,4,5,3,4,3,4,4,5,79
1366,5,5,6,5,8,3,4,3,5,6,4,3,4,3,4,7,3,5,83
1367,5,4,4,4,5,4,4,3,4,5,4,6,4,4,3,4,3,3,73
1368,7,5,5,5,6,5,3,3,4,6,5,5,4,5,5,6,3,4,86
1369,4,3,3,4,5,4,3,3,4,4,4,4,4,5,4,4,4,5,71
1370,4,4,5,3,6,4,3,3,4,5,4,5,4,5,3,5,3,5,75
1371,4,4,3,3,7,4,3,3,4,4,5,6,4,6,3,4,6,6,79
1372,4,4,4,5,6,4,5,4,4,5,6,4,5,4,4,4,4,5,81
1373,5,4,4,5,7,5,5,6,4,6,5,5,4,5,3,5,3,4,85
1374,5,6,8,4,6,4,5,3,5,5,6,4,3,5,5,4,4,5,87
1375,5,7,7,3,7,4,4,3,6,6,6,5,3,5,4,6,3,5,89
1376,3,3,3,3,5,4,6,4,5,6,4,5,3,3,4,4,4,4,73
1377,8,8,6,4,6,4,5,3,4,6,4,5,3,4,4,4,3,4,85
1378,4,5,4,4,6,5,5,4,5,7,5,4,4,8,4,6,4,6,90
1379,4,7,6,3,8,4,5,3,5,6,6,5,3,5,3,7,3,6,89
1380,7,5,4,3,6,6,4,3,5,7,4,6,4,6,5,5,4,6,90
1381,5,5,6,4,6,5,4,3,4,6,4,6,7,6,7,4,3,6,91
1382,4,4,6,3,5,3,5,3,4,5,3,6,4,3,3,5,3,4,73
1383,5,5,5,5,5,7,5,3,5,6,6,6,4,5,4,6,5,6,93
1384,7,4,7,5,9,7,4,5,4,7,6,5,4,4,3,4,6,7,98
1385,3,4,6,3,5,4,3,3,4,5,3,4,3,7,3,4,3,4,71
1386,4,5,3,4,5,4,4,3,4,5,4,5,3,4,3,5,3,4,72
1387,4,3,3,3,8,3,5,3,5,6,5,4,3,5,4,5,3,3,75
1388,4,4,5,4,6,4,6,3,5,9,6,4,4,5,3,4,6,5,87
1389,5,5,6,3,7,5,4,4,5,6,5,4,3,6,5,6,3,4,86
1390,4,4,7,3,6,5,4,5,4,5,7,6,3,5,4,6,4,5,87
1391,6,5,3,4,6,4,4,4,4,6,5,6,4,7,3,4,3,6,84
1392,8,4,7,4,5,3,5,3,7,4,7,5,3,3,3,5,4,5,85
1393,5,8,5,4,7,6,4,3,4,6,4,5,4,5,4,5,3,5,87
1394,4,3,4,6,8,5,6,4,6,6,5,5,5,4,4,4,4,5,88
1395,6,4,3,4,5,5,5,4,6,7,6,5,7,6,6,3,4,5,91
1396,4,8,5,3,4,4,5,3,4,6,6,5,3,5,3,5,5,4,82
1397,6,4,5,4,7,7,4,3,4,4,4,4,4,5,4,3,3,5,80
1398,5,5,5,4,5,6,5,3,5,6,6,5,3,3,4,5,3,5,83
1399,4,4,4,4,6,5,4,4,4,3,5,5,3,5,3,4,4,6,77
1400,3,3,7,3,8,4,6,4,8,6,4,6,3,3,6,7,3,3,87
1401,3,3,3,3,6,4,4,3,5,5,4,5,4,5,4,5,4,4,74
1402,5,6,4,4,5,4,4,5,5,5,4,5,4,5,4,5,4,4,82
1403,4,3,3,3,4,5,3,3,4,6,5,5,4,7,3,4,3,4,73
1404,6,3,7,5,9,5,4,4,4,7,5,4,3,3,3,4,7,6,89
1405,4,4,3,4,5,4,3,3,4,6,5,6,4,5,3,4,3,3,73
1406,4,7,4,4,5,4,3,3,5,5,4,6,3,5,4,4,4,4,78
1407,3,3,3,4,6,3,5,3,4,4,4,5,3,5,3,5,3,5,71
1408,4,6,3,4,8,5,7,4,5,5,7,5,4,7,6,6,5,8,99
1409,5,5,3,3,9,6,4,3,5,6,6,7,4,5,4,5,3,4,87
1410,3,4,3,4,7,4,5,3,4,5,4,4,3,3,4,5,4,5,74
1411,5,5,7,4,6,3,5,4,4,6,4,4,3,3,3,5,4,4,79
1412,4,4,4,4,5,5,4,3,4,4,5,5,3,4,3,3,3,5,72
1413,4,5,4,4,5,5,5,3,4,6,4,5,3,5,3,4,3,5,77
1414,4,7,5,4,5,4,4,3,5,5,4,6,3,5,4,4,4,5,81
1415,7,7,4,4,6,5,4,4,4,7,4,6,3,5,3,4,3,5,85
1416,7,5,4,4,6,7,3,4,4,6,5,5,4,5,4,6,3,4,86
1417,7,4,4,5,8,4,7,4,6,5,7,8,4,5,5,7,6,5,101
1418,4,5,3,4,7,5,4,3,4,5,4,5,3,4,4,5,4,4,77
1419,5,4,5,3,6,5,5,5,4,6,4,5,3,5,4,5,3,6,83
1420,3,3,5,3,5,3,4,3,4,5,7,4,3,4,3,4,4,4,71
1421,7,4,4,4,5,4,7,3,5,5,7,5,3,4,4,5,4,4,84
1422,4,4,3,4,6,4,4,3,4,6,3,6,4,5,4,4,4,5,77
1423,4,4,6,4,5,4,4,3,5,5,5,4,4,3,5,4,3,4,76
1424,5,7,5,5,6,5,5,3,6,4,5,6,3,7,6,5,7,3,93
1425,4,4,5,3,5,5,4,3,4,5,3,5,3,4,3,5,4,4,73
1426,3,3,4,4,7,5,3,3,4,7,6,5,3,5,3,4,3,5,77
1427,7,4,6,5,9,7,3,5,4,7,5,5,4,4,3,4,6,5,93
1428,5,7,5,3,7,6,5,3,4,7,6,5,4,6,3,5,3,5,89
1429,5,4,4,4,6,5,4,3,5,5,4,4,4,3,4,4,3,5,76
1430,7,5,7,3,6,4,5,3,4,6,6,4,3,5,3,6,4,7,88
1431,3,4,6,3,6,4,7,4,4,6,5,5,4,4,5,4,6,5,85
1432,5,5,6,3,7,3,4,3,4,6,4,4,5,4,4,4,3,6,80
1433,5,4,4,3,5,5,4,3,4,6,7,4,4,5,3,5,4,6,81
1434,4,8,5,3,4,4,5,3,4,6,5,5,3,5,3,5,5,4,81
1435,4,4,4,4,4,5,4,3,5,6,4,6,4,5,3,4,3,3,75
1436,3,3,3,4,5,4,8,3,4,5,4,4,3,4,3,4,3,5,72
1437,6,7,5,7,6,6,6,4,6,6,4,7,4,5,5,5,3,5,97
1438,4,4,6,4,4,4,5,3,5,5,4,5,4,4,3,4,3,3,74
1439,3,3,6,4,7,4,4,3,4,6,7,4,3,4,4,4,3,4,77
1440,6,5,4,5,7,4,5,5,5,5,6,5,4,5,4,4,4,6,89
1441,4,4,6,3,7,4,6,3,4,6,4,4,3,4,3,4,3,5,77
1442,7,4,6,4,6,4,5,3,4,4,5,5,3,5,3,4,3,3,78
1443,4,3,4,4,5,4,6,3,4,5,4,6,4,4,3,4,3,4,74
1444,5,5,4,4,7,5,4,5,4,7,5,5,3,6,3,5,3,9,89
1445,8,8,4,4,6,5,4,4,4,7,4,6,4,5,4,4,3,4,88
1446,3,4,4,3,4,6,5,4,6,5,4,5,5,6,3,5,4,5,81
1447,4,4,4,3,5,5,5,3,6,5,4,5,3,4,3,4,4,5,76
1448,4,3,3,4,6,5,4,5,4,6,4,4,4,5,3,3,4,5,76
1449,3,4,4,4,7,4,6,5,5,6,4,5,4,5,4,4,4,6,84
1450,4,3,5,3,6,4,5,3,5,6,5,4,3,4,3,6,3,4,76
1451,5,4,4,3,8,3,5,3,5,6,6,4,3,5,4,5,3,3,79
1452,5,4,4,6,8,5,5,4,6,7,5,5,5,4,4,4,4,4,89
1453,5,5,7,4,6,3,5,3,4,7,4,5,5,5,4,6,3,6,87
1454,4,4,4,5,4,3,4,3,4,5,4,4,4,4,5,4,3,6,74
1455,5,4,6,3,5,4,4,3,4,7,3,3,3,4,3,4,4,4,73
1456,5,5,4,3,5,5,4,3,6,5,4,5,3,4,3,4,4,4,76
1457,4,3,4,3,5,5,4,3,4,7,3,4,3,5,3,4,4,5,73
1458,5,4,4,5,5,5,4,3,3,6,5,5,5,5,4,4,3,6,81
1459,5,5,7,4,5,4,4,3,5,5,5,4,4,3,5,4,3,4,79
1460,5,5,4,5,5,7,4,3,5,7,6,6,4,5,4,6,5,4,90
1461,4,4,4,4,7,4,6,3,5,5,7,5,4,4,3,4,3,4,80
1462,4,4,4,4,7,5,5,6,5,8,6,6,3,6,3,5,3,7,91
1463,7,4,4,4,6,4,5,4,6,7,4,7,5,5,3,5,4,5,89
1464,5,5,7,4,6,3,5,3,4,7,4,5,5,5,4,6,3,6,87
1465,4,4,3,3,5,5,4,3,5,5,4,5,3,4,4,4,4,5,74
1466,5,6,5,4,5,4,5,3,4,6,5,4,3,5,3,4,3,5,79
1467,4,4,4,5,5,4,5,3,4,5,4,4,3,4,3,4,3,3,71
1468,5,6,4,4,7,6,6,4,4,6,5,5,5,6,3,6,4,6,92
1469,4,4,3,4,6,3,5,3,4,4,4,5,3,5,3,5,3,5,73
1470,5,7,6,3,8,6,4,3,5,7,5,7,3,5,4,4,5,5,92
1471,5,4,6,3,5,3,5,4,5,5,5,4,5,3,4,4,5,4,79
1472,4,4,4,3,5,6,4,4,4,9,6,6,4,6,3,5,6,6,89
1473,5,4,6,3,6,4,5,4,4,6,4,4,3,4,4,5,3,5,79
1474,7,5,5,3,6,6,5,3,5,6,4,6,4,6,5,5,4,8,93
1475,5,5,4,4,8,5,5,5,4,8,4,6,3,6,3,6,4,6,91
1476,6,4,6,3,8,6,5,3,5,8,3,6,4,6,3,5,3,7,91
1477,4,3,3,4,5,3,4,3,6,4,4,5,5,4,3,4,3,4,71
1478,5,5,6,4,6,6,4,5,4,7,7,5,3,5,3,5,4,4,88
1479,4,5,6,3,6,5,4,4,5,6,5,6,4,5,4,4,4,9,89
1480,3,5,5,3,6,6,4,4,5,7,5,6,4,5,4,5,4,4,85
1481,4,4,3,3,4,4,4,3,4,6,4,5,3,4,3,4,5,4,71
1482,8,4,6,4,5,4,5,3,7,4,8,6,3,4,3,5,4,6,89
1483,4,4,3,3,5,5,3,3,4,4,5,5,4,4,3,4,4,4,71
1484,4,4,4,4,9,5,8,3,5,5,3,4,4,4,4,5,3,5,83
1485,4,6,4,4,8,4,5,3,7,7,4,5,3,5,5,4,3,4,85
1486,7,8,4,3,7,5,6,3,5,6,6,5,6,4,3,6,4,5,93
1487,4,5,5,4,6,5,3,5,4,6,5,6,4,6,3,5,4,3,83
1488,5,6,6,3,6,5,4,4,4,6,6,6,4,6,3,6,4,6,90
1489,3,4,5,3,5,5,3,4,4,6,3,5,3,8,3,4,3,5,76
1490,3,6,4,4,6,5,3,6,4,8,6,9,3,6,3,5,5,8,94
1491,4,4,3,3,5,4,4,3,4,5,5,6,3,4,4,4,4,4,73
1492,6,5,5,3,6,6,5,3,3,5,4,6,3,5,4,5,6,5,85
1493,4,4,5,4,4,5,5,3,4,6,4,4,3,4,3,4,3,7,76
1494,6,5,6,4,6,5,5,3,4,6,5,5,3,6,5,4,3,4,85
1495,7,6,6,5,6,4,8,3,5,5,5,4,3,4,3,6,3,6,89
1496,5,4,5,6,8,5,6,4,6,6,6,5,5,4,4,4,4,5,92
1497,4,4,4,5,6,7,5,4,4,7,5,7,4,5,3,6,4,7,91
1498,4,4,8,3,6,4,5,4,5,7,6,7,4,6,3,6,3,5,90
1499,4,4,4,3,7,4,3,4,4,7,4,5,4,5,3,4,3,7,79
1500,3,5,4,4,5,5,6,3,4,5,6,5,4,5,3,4,3,4,78
1501,5,4,4,4,7,4,5,4,7,6,4,6,3,4,4,4,5,6,86
1502,5,7,5,3,6,5,5,3,4,6,6,6,5,5,5,5,4,5,90
1503,4,3,3,3,6,5,5,4,4,6,3,5,3,4,3,4,3,5,73
1504,6,4,5,4,4,5,5,6,7,5,6,7,6,5,3,5,4,4,91
1505,4,6,5,3,7,6,5,3,7,6,5,4,4,5,5,4,3,5,87
1506,3,5,6,4,5,4,5,4,3,6,3,3,3,3,3,4,4,4,72
1507,7,4,6,4,6,3,6,3,6,6,4,6,4,4,3,5,4,6,87
1508,5,4,5,4,7,5,5,4,5,6,7,6,5,6,3,5,3,4,89
1509,5,4,5,3,5,4,5,5,5,5,6,5,6,3,4,4,5,5,84
1510,3,3,4,3,4,6,5,4,4,5,4,6,4,5,3,4,3,5,75
1511,4,5,4,4,6,5,5,3,4,6,5,5,3,5,3,5,4,7,83
1512,6,4,5,5,6,5,4,3,4,5,5,5,4,5,5,6,3,6,86
1513,6,3,4,4,6,4,6,4,6,6,4,7,5,5,3,5,4,7,89
1514,5,4,4,6,5,4,6,3,4,5,4,5,3,5,4,7,4,5,83
1515,5,4,3,3,6,5,4,4,4,5,3,5,4,4,4,4,3,4,74
1516,3,3,3,4,5,6,3,4,4,6,6,5,3,4,3,7,3,5,77
1517,4,6,5,3,7,5,4,4,6,6,6,6,4,6,4,6,3,6,91
1518,4,5,4,6,7,4,6,4,5,4,8,5,4,5,3,7,3,6,90
1519,4,7,5,4,6,5,4,6,4,7,7,9,4,6,4,5,5,8,100
1520,4,4,4,4,6,7,4,4,6,7,6,5,3,5,3,4,3,6,85
1521,3,3,5,5,5,4,4,3,4,5,4,5,3,4,8,4,3,5,77
1522,4,4,4,4,5,4,4,4,4,5,4,5,3,5,4,4,4,6,77
1523,4,4,3,4,6,4,3,3,4,6,3,6,4,5,4,4,4,4,75
1524,4,4,4,4,6,6,5,4,5,3,6,5,4,6,3,4,5,6,84
1525,5,6,7,3,6,4,4,3,4,6,5,5,3,5,3,6,4,5,84
1526,4,5,4,3,5,7,4,4,5,6,4,6,3,6,4,5,3,7,85
1527,4,7,6,4,5,3,4,3,5,5,4,5,3,4,4,4,4,4,78
1528,4,7,4,4,6,5,3,6,4,7,6,9,4,6,4,5,5,6,95
1529,6,5,6,4,6,4,6,3,4,6,6,6,7,4,3,5,3,5,89
1530,5,4,3,5,7,4,4,5,5,6,5,5,3,5,3,4,4,6,83
1531,4,5,6,4,6,5,3,4,4,8,5,6,4,5,3,5,4,4,85
1532,4,4,4,3,5,5,4,3,6,6,4,5,3,4,3,4,4,5,76
1533,4,4,4,4,5,6,4,3,5,7,5,5,3,3,3,5,3,5,78
1534,3,3,5,4,7,4,4,3,4,6,6,4,3,4,4,4,3,4,75
1535,4,5,7,3,5,4,4,4,4,5,4,5,4,4,3,4,3,4,76
1536,4,4,4,3,4,4,5,3,4,5,4,5,3,4,3,4,3,5,71
1537,6,4,6,4,5,4,5,4,6,6,4,5,3,5,6,4,3,6,86
1538,6,6,5,4,7,5,5,5,4,6,6,5,3,6,4,5,3,9,94
1539,8,4,5,4,5,4,4,3,7,4,7,6,3,4,3,5,4,4,84
1540,4,5,5,3,6,4,5,4,4,4,4,5,3,5,3,3,3,6,76
1541,4,5,3,3,8,4,4,3,4,6,3,6,3,5,3,5,3,7,79
1542,5,3,4,3,4,4,4,3,4,5,6,4,4,6,4,4,3,3,73
1543,3,5,5,4,6,6,5,5,5,6,5,5,3,6,3,3,3,5,83
1544,4,5,4,4,5,5,5,3,4,6,4,5,3,5,3,4,3,5,77
1545,3,4,5,3,4,4,5,3,6,5,4,4,4,5,3,5,4,4,75
1546,4,4,5,3,4,6,5,4,4,5,4,6,4,5,3,4,3,5,78
1547,3,3,3,4,5,4,4,4,4,5,4,5,3,5,4,4,4,6,74
1548,4,6,6,3,8,6,4,3,5,7,5,7,3,5,4,4,5,7,92
1549,3,4,5,3,6,6,5,4,5,7,5,6,4,5,4,5,4,5,86
1550,4,5,5,6,7,3,6,3,5,4,8,4,3,4,3,7,3,5,85
1551,5,3,4,3,4,5,4,3,4,5,5,5,5,7,4,4,3,4,77
1552,5,4,4,3,5,4,4,3,4,6,6,3,3,4,3,5,4,5,75
1553,4,5,3,3,6,6,4,4,5,7,4,4,4,5,4,5,3,5,81
1554,5,3,3,4,5,5,5,4,6,7,6,5,5,6,4,3,4,7,87
1555,4,4,6,4,5,4,5,3,4,6,4,5,3,3,3,4,3,3,73
1556,7,6,6,4,5,4,5,3,6,6,7,5,3,4,5,4,3,4,87
1557,5,7,7,3,7,4,5,3,7,6,6,3,3,4,5,4,3,4,86
1558,5,3,3,4,5,4,4,4,4,6,4,5,3,4,4,4,3,5,74
1559,6,4,6,4,4,4,5,4,7,5,6,6,5,4,3,5,4,3,85
1560,4,5,5,3,6,6,5,5,4,6,5,6,5,5,5,4,5,4,88
1561,4,7,4,4,5,4,3,3,5,6,4,6,3,5,4,4,4,4,79
1562,3,4,5,5,6,5,4,4,4,6,6,5,3,5,4,5,4,5,83
1563,4,3,6,4,6,5,6,3,4,5,6,5,3,5,4,4,4,6,83
1564,7,4,4,4,5,4,6,3,5,8,5,6,5,6,3,5,3,5,88
1565,4,5,6,5,6,5,5,4,4,5,7,5,4,5,5,5,4,5,89
1566,5,6,6,4,6,4,4,3,5,5,5,5,3,4,4,5,3,5,82
1567,5,5,6,4,6,5,4,3,4,6,4,6,7,6,7,4,3,6,91
1568,5,3,4,3,6,4,4,3,4,7,5,6,3,4,4,4,3,7,79
1569,5,4,6,4,5,4,5,3,4,6,4,3,3,3,3,6,3,5,76
1570,3,3,5,4,4,4,5,3,4,6,4,3,3,3,3,4,3,6,70
1571,4,4,4,3,5,4,4,3,5,5,4,5,5,3,3,4,3,4,72
1572,4,4,3,4,6,4,4,3,4,6,3,6,4,5,4,4,4,5,77
1573,6,4,6,3,8,6,5,3,5,8,3,6,4,6,3,5,3,7,91
1574,4,5,6,4,6,5,4,5,4,6,6,6,4,6,3,5,4,4,87
1575,4,4,5,4,8,4,6,4,4,7,4,5,3,5,3,6,4,7,87
1576,6,4,6,3,6,4,4,3,4,5,4,4,3,5,4,4,3,4,76
1577,6,4,5,4,6,3,6,3,5,5,6,5,5,4,3,7,4,7,88
1578,4,7,5,3,7,5,5,4,5,8,9,5,5,5,5,8,3,5,98
1579,4,3,4,4,7,5,5,4,5,6,6,6,5,6,3,5,3,4,85
1580,5,4,4,3,6,6,3,3,5,6,4,6,3,4,3,4,3,3,75
1581,3,5,4,4,8,4,6,3,7,6,4,5,3,5,5,4,3,6,85
1582,3,5,5,3,6,6,4,4,5,8,5,6,4,5,4,5,4,4,86
1583,6,4,6,4,7,5,4,3,4,4,4,3,3,4,4,3,3,4,75
1584,4,6,4,3,6,4,7,5,6,5,5,5,4,6,3,5,3,6,87
1585,5,5,6,3,6,3,5,3,4,5,4,5,4,4,3,6,3,4,78
1586,4,3,3,3,4,5,4,3,4,5,5,5,5,7,4,4,3,4,75
1587,3,3,5,4,5,3,5,3,4,5,4,4,3,5,3,5,3,4,71
1588,4,5,8,3,6,4,6,4,4,6,6,4,3,6,4,5,3,4,85
1589,4,5,4,4,6,4,6,4,4,6,6,5,4,5,4,6,4,6,87
1590,4,4,4,3,7,5,5,3,4,7,4,5,3,5,3,4,3,4,77
1591,7,4,6,4,6,3,6,3,6,6,4,6,4,4,3,5,4,6,87
1592,4,3,3,5,6,4,6,3,5,6,4,4,3,4,4,4,3,4,75
1593,3,3,4,4,7,5,4,3,4,6,6,5,3,5,4,4,3,5,78
1594,5,6,5,7,6,4,6,3,6,6,4,6,3,4,5,5,3,4,88
1595,4,4,4,4,5,4,4,4,4,5,4,5,3,5,4,4,4,6,77
1596,4,4,6,3,6,3,3,3,4,5,4,4,3,4,3,5,3,4,71
1597,3,3,5,3,6,5,3,4,4,6,4,5,3,5,4,6,3,5,77
1598,3,4,3,3,5,6,4,3,4,4,5,5,4,4,3,4,3,6,73
1599,4,3,4,4,8,6,5,3,4,7,5,5,4,6,3,3,4,7,85
1600,4,4,5,3,5,5,4,3,4,6,3,5,3,5,3,4,3,3,72
1601,4,4,4,4,6,4,4,4,4,6,4,5,3,4,4,6,4,4,78
1602,5,3,3,4,6,5,3,3,4,7,4,7,3,6,3,5,4,5,80
1603,5,6,5,3,7,5,6,5,5,5,7,5,6,6,5,5,3,4,93
1604,5,5,6,5,6,5,6,3,4,6,5,6,4,4,4,6,4,6,90
1605,3,5,3,3,6,5,5,3,5,7,4,5,3,5,3,5,3,4,77
1606,5,6,6,4,7,4,4,3,5,7,6,5,4,9,3,5,3,5,91
1607,5,3,3,4,6,4,4,3,4,6,4,6,3,5,4,5,4,4,77
1608,3,3,3,7,8,3,4,4,4,6,4,4,3,3,3,5,3,3,73
1609,6,3,4,4,5,4,6,3,5,8,5,6,4,6,3,5,3,7,87
1610,4,5,4,4,6,3,6,3,4,6,7,4,3,4,4,6,4,5,82
1611,6,8,3,7,4,7,5,4,5,8,6,6,5,8,4,8,5,5,104
1612,3,4,6,4,6,5,3,4,4,8,5,6,3,5,3,5,4,5,83
1613,5,5,5,3,6,6,5,4,4,5,8,6,5,7,4,5,5,5,93
1614,7,6,4,4,6,4,4,4,4,6,5,6,4,7,3,4,3,6,87
1615,4,6,6,5,6,4,6,3,6,4,5,5,3,6,6,5,8,3,91
1616,4,4,4,4,6,4,5,6,5,6,5,3,4,5,3,4,4,6,82
1617,3,3,4,3,5,4,5,3,4,5,3,7,5,4,3,5,3,5,74
1618,4,5,4,3,5,4,5,3,4,7,6,6,3,3,4,4,3,5,78
1619,5,4,6,3,5,4,6,3,7,6,5,5,5,5,4,5,4,4,86
1620,4,4,4,4,5,6,4,4,4,5,7,5,4,4,4,7,3,5,83
1621,5,5,4,4,5,3,5,3,4,6,6,4,4,4,4,4,3,5,78
1622,4,5,4,4,6,4,5,3,5,6,6,3,3,3,3,4,3,5,76
1623,7,5,4,4,6,4,4,4,5,5,6,6,6,5,3,7,4,6,91
1624,4,4,3,3,7,6,4,4,5,5,5,5,4,5,4,6,3,4,81
1625,3,3,4,4,5,5,4,4,4,7,4,6,3,4,3,4,3,3,73
1626,4,4,5,5,5,6,4,4,4,5,4,6,3,5,8,4,3,6,85
1627,5,5,6,4,5,4,5,3,5,6,5,4,3,3,4,5,3,4,79
1628,4,5,4,4,6,3,6,3,4,6,6,4,3,4,4,6,4,5,81
1629,5,4,5,3,5,5,6,4,7,6,5,6,6,6,4,5,4,5,91
1630,6,5,3,4,6,3,4,3,4,6,5,5,3,6,3,4,3,5,78
1631,4,3,4,3,5,5,6,4,7,6,5,6,6,6,4,5,4,5,88
1632,5,4,3,3,5,5,3,3,4,7,6,4,4,5,3,5,4,4,77
1633,4,5,7,4,6,4,4,4,4,6,6,5,3,5,3,5,4,3,82
1634,4,5,5,5,6,5,4,4,4,6,6,5,4,5,5,5,4,4,86
1635,7,4,5,4,6,6,5,3,4,4,5,6,4,6,3,4,3,4,83
1636,4,5,3,4,5,5,4,3,4,6,4,5,3,5,3,4,3,4,74
1637,6,4,5,4,6,5,4,3,4,6,5,4,3,4,4,6,3,5,81
1638,5,6,7,3,7,4,8,4,5,5,8,4,5,5,5,5,3,5,94
1639,3,3,3,3,7,6,5,4,5,5,5,5,4,5,4,6,3,5,81
1640,3,4,5,3,6,5,3,4,4,6,4,5,3,5,4,6,3,4,77
1641,3,6,4,4,6,5,4,6,4,7,6,9,4,6,4,5,6,8,97
1642,5,7,5,3,7,5,3,4,6,6,6,6,4,6,4,6,3,4,90
1643,5,4,3,3,6,5,5,4,4,6,3,5,4,4,4,4,3,4,76
1644,4,3,3,3,5,5,3,3,4,7,6,4,3,5,3,5,4,6,76
1645,3,4,6,5,6,4,5,3,4,5,6,4,3,4,5,5,4,4,80
1646,3,4,3,5,7,6,4,4,4,7,4,5,3,5,3,5,5,6,83
1647,3,4,6,3,6,5,3,4,4,6,4,5,3,5,4,6,3,5,79
1648,4,4,5,7,5,6,5,6,4,4,6,6,5,4,5,5,3,5,89
1649,4,6,7,4,6,4,5,4,5,6,6,4,3,5,3,3,3,4,82
1650,4,3,4,3,6,5,4,5,4,7,4,5,3,5,3,5,3,6,79
1651,5,5,4,5,6,7,4,4,4,6,5,7,4,5,4,6,4,5,90
1652,4,6,4,5,6,6,4,3,5,5,4,6,4,5,4,8,5,4,88
1653,5,4,4,6,5,6,6,4,4,5,4,6,3,6,4,7,4,6,89
1654,4,4,4,3,6,7,5,3,4,8,5,6,4,5,5,5,3,6,87
1655,4,4,5,4,6,4,4,5,4,7,4,5,3,4,3,5,4,5,80
1656,5,6,3,4,5,5,6,4,5,8,5,5,3,6,4,4,5,4,87
1657,4,5,5,4,7,4,6,5,5,6,4,5,4,5,4,4,4,6,87
1658,5,5,6,5,8,3,4,3,5,6,4,3,4,3,4,7,3,5,83
1659,4,3,5,5,6,4,5,3,5,5,6,4,3,7,3,6,3,5,82
1660,5,7,6,3,7,5,4,4,6,6,7,6,4,6,4,6,3,6,95
1661,6,5,5,3,6,6,5,3,3,5,4,6,3,5,4,5,6,5,85
1662,5,6,6,3,5,5,5,3,5,5,4,5,3,5,5,5,3,6,84
1663,3,3,4,3,5,6,5,4,4,8,6,6,4,6,3,5,7,8,90
1664,4,3,3,4,7,4,5,4,7,6,4,6,3,4,4,4,6,6,84
1665,4,3,3,4,6,7,3,3,5,6,4,5,4,4,3,4,3,6,77
1666,5,4,4,4,8,5,4,4,5,6,6,6,4,6,3,5,3,5,87
1667,4,3,3,3,6,4,4,3,5,5,4,4,3,4,4,5,4,4,72
1668,4,4,6,3,5,4,4,3,4,5,3,4,3,3,3,5,4,3,70
1669,4,4,5,3,4,6,5,4,4,5,4,6,4,5,3,4,3,5,78
1670,5,4,5,3,6,5,5,5,4,6,4,5,3,5,4,5,3,6,83
1671,4,4,4,5,6,3,5,3,4,5,6,3,4,3,4,4,4,4,75
1672,4,4,3,3,5,4,4,3,5,5,4,4,3,3,4,4,4,4,70
1673,4,4,3,4,6,4,6,4,5,7,5,6,4,5,4,5,3,4,83
1674,8,5,4,5,8,4,6,4,6,6,7,8,4,5,5,7,5,4,101
1675,5,5,7,4,5,4,4,3,5,5,6,4,4,3,5,4,3,4,80
1676,5,6,6,4,6,5,4,4,5,6,5,5,4,6,5,4,4,4,88
1677,5,6,7,4,7,4,7,4,6,7,5,5,3,5,4,6,6,7,98
1678,3,5,5,3,6,6,4,4,5,7,5,6,4,5,4,5,4,4,85
1679,3,4,3,4,8,5,4,3,7,4,4,6,4,4,3,5,3,5,79
1680,6,4,3,4,5,4,5,4,4,5,4,5,4,4,5,4,3,5,78
1681,5,7,5,3,7,6,4,3,7,6,5,4,4,5,5,4,3,4,87
1682,3,5,6,4,6,4,5,4,5,6,5,4,3,5,3,3,3,4,78
1683,4,6,7,4,7,4,5,3,4,5,7,4,3,4,4,4,4,4,83
1684,5,7,7,5,6,4,6,3,6,4,6,5,3,6,6,5,7,3,94
1685,4,6,6,4,8,3,6,3,7,6,4,4,3,4,5,4,3,5,85
1686,5,3,4,3,6,5,4,4,4,5,4,5,4,6,4,4,3,5,78
1687,5,5,4,4,5,4,5,4,4,6,6,5,5,5,4,4,3,6,84
1688,6,8,3,7,4,7,6,4,5,9,6,6,5,8,4,8,5,5,106
1689,5,4,5,4,8,5,6,4,5,6,7,6,4,6,3,5,3,7,93
1690,5,8,7,4,6,4,5,4,5,7,7,3,3,5,4,5,5,6,93
1691,4,4,6,4,5,3,3,3,4,6,4,4,3,3,4,4,4,5,73
1692,3,4,5,5,5,5,6,4,6,5,5,6,5,6,4,6,4,6,90
1693,4,4,3,4,6,3,5,3,4,4,4,5,3,5,3,5,3,5,73
1694,4,5,4,4,5,4,5,3,4,6,4,4,3,4,3,4,3,4,73
1695,5,5,5,4,6,4,5,6,5,6,6,6,4,5,3,4,4,6,89
1696,5,4,4,6,8,5,4,4,6,6,5,5,5,4,4,4,4,4,87
1697,6,7,5,4,5,4,5,3,4,6,5,4,4,5,3,4,3,4,81
1698,4,3,3,4,5,4,5,3,4,4,7,6,4,4,3,6,3,5,77
1699,4,3,3,3,5,4,4,3,4,6,6,3,3,4,3,5,4,5,72
1700,4,5,4,3,7,5,4,3,6,5,5,4,3,4,3,6,3,4,78
1701,5,5,5,3,6,4,4,6,5,6,7,5,3,4,3,5,3,5,84
1702,5,5,4,5,8,4,3,4,5,7,4,4,5,4,4,7,3,4,85
1703,5,5,4,3,6,7,4,3,4,8,5,6,4,5,5,5,3,4,86
1704,4,4,7,4,7,5,5,3,5,6,3,7,5,4,4,4,3,6,86
1705,3,3,3,4,5,4,4,3,4,5,5,6,4,5,3,4,3,4,72
1706,6,7,3,3,7,5,6,3,5,6,5,5,6,4,3,6,4,5,89
1707,3,3,3,4,6,5,4,3,5,6,5,5,4,4,3,5,3,5,76
1708,3,3,3,4,6,4,7,4,5,6,5,6,4,5,4,5,3,5,82
1709,4,4,4,4,5,3,4,3,5,5,4,4,3,3,3,4,3,5,70
1710,7,5,5,4,6,7,4,4,4,6,5,5,4,5,4,6,3,6,90
1711,6,4,4,4,7,5,5,5,4,6,4,5,4,6,3,6,5,5,88
1712,6,4,4,4,6,5,4,3,4,6,4,7,4,6,4,5,4,5,85
1713,4,7,5,4,7,4,4,3,4,6,4,4,3,4,4,5,3,4,79
1714,4,5,8,4,7,3,5,3,5,5,4,4,3,4,4,5,3,5,81
1715,5,4,4,4,5,4,5,3,4,4,8,6,4,4,3,6,3,5,81
1716,6,5,4,3,6,6,4,3,3,6,4,6,3,5,4,5,6,4,83
1717,3,4,5,3,6,3,5,3,4,4,4,4,4,4,4,4,3,5,72
1718,4,4,3,4,6,3,4,3,4,6,3,5,3,4,4,4,4,4,72
1719,5,6,6,4,7,5,7,5,6,7,6,6,4,6,4,6,6,8,104
1720,5,7,7,3,8,6,5,3,5,6,5,7,3,5,4,4,5,7,95
1721,4,4,7,3,7,4,5,3,5,6,5,3,3,5,5,6,3,4,82
1722,5,5,4,3,9,6,5,3,5,5,7,7,4,5,4,5,3,5,90
1723,3,5,6,3,6,6,5,4,5,7,6,6,4,5,4,5,4,5,89
1724,4,5,5,3,5,6,3,5,4,6,4,6,5,5,3,4,3,4,80
1725,4,3,4,4,6,4,6,4,4,6,4,3,3,4,3,3,4,6,75
1726,5,5,6,4,6,3,5,4,5,6,5,9,3,4,3,4,4,5,86
1727,4,5,6,3,6,6,7,5,4,6,6,6,5,5,5,4,5,6,94
1728,4,5,6,3,6,4,4,3,4,6,5,5,3,5,3,6,4,5,81
1729,4,5,4,4,5,4,5,3,4,5,4,5,3,4,3,5,3,5,75
1730,4,4,5,4,5,4,3,3,4,6,4,5,3,4,4,4,4,6,76
1731,5,5,4,3,9,6,5,3,5,5,7,7,4,5,4,5,3,5,90
1732,4,4,3,4,7,3,5,3,4,6,5,4,3,5,3,4,3,5,75
1733,5,4,6,3,6,4,5,3,5,6,6,4,3,4,3,6,3,4,80
1734,4,5,3,3,6,5,4,4,5,7,4,4,3,3,4,4,3,4,75
1735,3,5,7,3,5,4,3,3,4,5,3,4,3,7,3,4,3,4,73
1736,3,5,5,5,5,5,4,3,4,4,4,5,3,4,4,5,4,5,77
1737,3,5,6,3,5,5,3,4,4,5,3,5,4,8,3,4,3,5,78
1738,5,5,5,4,7,5,6,6,5,7,7,6,4,6,4,5,3,7,97
1739,4,4,3,4,6,3,4,3,4,4,4,5,3,5,3,5,3,4,71
1740,6,5,4,5,6,4,5,3,5,5,5,5,5,3,3,5,3,4,81
1741,3,3,4,3,5,4,4,4,4,6,4,5,3,5,3,5,4,5,74
1742,5,6,5,4,6,5,4,4,5,5,6,6,4,5,4,5,3,6,88
1743,4,5,3,4,5,5,6,4,5,8,5,5,3,6,4,4,5,6,87
1744,4,4,6,4,4,4,5,3,4,6,4,3,3,3,3,4,3,6,73
1745,4,4,6,3,7,5,4,4,5,7,5,4,3,6,4,6,3,5,85
1746,6,3,6,5,9,7,4,5,4,7,5,5,4,4,3,4,7,7,95
1747,3,3,3,4,6,3,4,3,4,6,3,5,3,4,4,4,4,4,70
1748,3,4,3,4,7,5,5,3,4,5,4,5,3,4,4,5,4,6,78
1749,3,5,6,4,5,4,5,4,3,6,3,3,3,3,3,4,4,4,72
1750,4,5,6,4,7,4,4,4,5,6,4,5,4,5,4,5,3,4,83
1751,5,4,6,3,3,4,5,3,5,6,5,5,3,4,3,5,5,6,80
1752,4,5,6,3,5,4,4,3,5,7,6,5,5,3,5,5,4,4,83
1753,4,5,8,4,6,4,4,3,4,7,6,5,3,4,3,5,4,4,83
1754,3,4,5,3,6,6,4,4,5,8,5,6,3,5,3,5,4,5,84
1755,6,7,6,7,6,4,6,3,6,6,4,6,3,4,5,5,3,4,91
1756,4,4,4,5,4,4,4,4,4,5,4,5,4,5,5,4,3,7,79
1757,4,4,4,3,5,3,5,3,4,5,5,5,3,3,4,4,4,4,72
1758,4,5,3,3,6,5,4,4,5,7,4,4,3,3,4,4,3,4,75
1759,6,7,6,4,5,4,6,3,4,5,6,4,4,5,3,4,3,5,84
1760,7,6,4,4,6,4,4,4,4,6,5,6,4,7,3,4,3,6,87
1761,7,5,4,4,6,4,4,3,4,5,4,4,3,4,3,5,3,4,76
1762,3,3,5,4,6,5,6,3,4,5,5,5,3,5,4,4,4,6,80
1763,6,4,5,4,5,5,5,5,6,6,4,6,4,6,6,4,3,7,91
1764,4,4,5,3,5,5,4,3,4,5,3,5,3,4,3,5,4,4,73
1765,4,4,4,3,5,4,5,3,4,5,6,6,3,4,4,4,4,5,77
1766,4,4,6,4,5,4,5,3,4,6,4,5,3,3,3,4,3,3,73
1767,3,5,5,4,8,3,6,3,7,6,4,4,3,4,5,4,3,5,82
1768,6,4,4,4,7,5,5,5,4,6,4,5,4,6,3,6,5,5,88
1769,3,6,4,3,7,5,4,4,5,9,8,5,4,5,4,8,3,5,92
1770,5,4,5,5,7,5,6,6,4,5,6,5,4,5,3,5,3,6,89
1771,5,5,4,3,7,4,4,3,4,4,6,6,5,6,3,4,6,6,85
1772,4,4,6,3,5,7,5,3,5,7,4,4,3,4,3,5,3,4,79
1773,7,4,4,4,6,4,4,4,6,6,4,7,5,5,3,5,4,5,87
1774,6,6,4,4,7,5,4,5,4,7,5,5,3,6,4,5,3,7,90
1775,3,4,6,4,7,4,4,4,5,6,4,5,3,5,4,5,3,6,82
1776,4,5,5,3,4,7,7,3,5,5,6,6,3,4,3,5,6,5,86
1777,5,5,6,3,6,3,5,3,4,5,4,5,4,4,3,6,3,4,78
1778,5,5,7,3,7,5,5,4,5,6,6,4,3,6,5,6,3,5,90
1779,4,4,5,4,6,4,5,5,4,6,4,5,3,4,3,5,4,5,80
1780,5,7,6,5,6,5,6,3,6,4,5,6,3,7,6,5,7,4,96
1781,4,4,6,3,9,3,7,3,4,5,6,4,3,5,5,4,3,5,83
1782,4,4,4,3,5,4,4,3,4,5,3,7,5,4,3,5,3,4,74
1783,5,3,3,4,5,3,5,3,4,5,4,4,3,3,5,4,3,4,70
1784,4,6,6,4,6,6,5,5,5,6,5,5,3,6,3,3,3,5,86
1785,5,5,5,3,5,5,5,3,6,5,4,5,3,4,3,4,4,5,79
1786,4,4,5,3,5,4,5,3,5,5,4,5,5,3,3,4,3,5,75
1787,5,6,7,3,7,4,8,4,5,5,7,4,5,5,5,5,3,5,93
1788,7,8,3,3,7,5,4,3,5,6,5,5,6,4,3,6,4,4,88
1789,4,5,5,3,6,5,9,3,4,7,4,5,4,5,5,5,4,5,88
1790,8,5,5,5,8,4,7,4,6,5,8,8,4,5,5,7,5,5,104
1791,5,4,4,4,6,7,4,3,5,5,4,5,4,4,4,4,3,6,81
1792,5,5,4,3,6,6,4,4,4,6,7,6,5,7,4,5,5,4,90
1793,4,3,6,4,6,4,7,3,5,6,5,4,4,4,7,5,3,9,89
1794,7,5,6,4,5,5,5,5,6,6,4,6,4,6,6,4,3,7,94
1795,5,5,4,4,7,3,5,3,4,6,6,4,3,5,3,4,3,5,79
1796,4,3,4,4,5,6,5,3,4,6,4,4,3,4,3,6,3,6,77
1797,4,6,6,4,6,4,5,3,5,4,6,3,4,5,4,5,4,5,83
1798,7,6,6,5,6,4,8,3,5,5,6,4,3,4,3,6,3,6,90
1799,7,5,6,3,6,4,5,3,5,6,4,5,3,5,5,5,4,7,88
1800,6,5,3,3,6,5,5,6,4,8,4,6,3,5,5,4,4,4,86
1801,4,6,4,3,7,6,5,3,4,7,5,5,4,6,3,5,3,5,85
1802,5,4,7,4,6,5,3,3,5,7,5,6,5,6,3,5,4,5,88
1803,4,5,6,4,6,5,4,4,5,6,5,5,3,6,4,4,4,6,86
1804,3,4,6,3,6,5,6,3,4,6,5,5,4,7,4,5,3,5,84
1805,4,5,4,3,7,7,4,3,6,5,6,5,3,5,3,6,3,5,84
1806,4,5,6,4,6,5,4,5,4,6,6,6,4,6,3,5,4,4,87
1807,4,4,5,3,5,9,5,4,5,7,4,5,3,5,3,5,3,5,84
1808,3,5,4,4,5,6,4,4,7,8,7,7,4,7,6,6,6,4,97
1809,5,5,5,3,6,7,5,3,4,8,6,6,4,5,5,5,3,6,91
1810,5,5,4,4,7,5,5,6,5,8,6,6,4,6,4,5,3,5,93
1811,4,3,7,4,6,5,3,3,5,7,5,6,4,6,3,5,4,7,87
1812,5,8,6,4,7,4,4,3,4,6,4,4,3,4,4,5,3,4,82
1813,4,4,4,4,5,4,4,3,4,5,4,5,3,6,3,5,3,4,74
1814,4,4,6,4,4,4,5,3,5,5,4,5,4,4,3,4,3,3,74
1815,4,6,4,4,6,5,4,3,5,4,5,4,4,6,4,5,4,4,81
1816,4,4,4,5,6,4,5,4,4,5,5,4,5,4,4,4,4,5,80
1817,5,6,6,3,6,5,4,4,4,6,6,6,4,6,3,6,4,6,90
1818,4,7,6,3,7,4,5,3,5,8,9,4,4,4,5,8,3,4,93
1819,6,4,5,3,6,8,6,3,3,7,6,5,3,6,4,6,5,5,91
1820,4,4,4,4,6,4,7,4,5,6,6,6,4,5,4,5,3,5,86
1821,4,5,3,3,6,7,3,5,5,7,4,5,3,4,4,4,3,4,79
1822,5,5,8,3,7,4,5,3,5,6,5,3,3,5,5,6,3,4,85
1823,4,5,7,4,7,4,5,4,5,5,4,5,4,5,4,5,3,6,86
1824,4,3,4,5,6,5,4,4,5,6,6,5,3,8,3,6,3,6,86
1825,5,5,5,4,6,4,5,3,6,5,5,7,5,6,5,5,6,5,92
1826,5,6,4,4,5,4,5,5,5,6,4,5,4,5,4,5,4,4,84
1827,5,6,7,3,6,4,4,3,4,6,6,5,3,5,3,6,4,5,85
1828,6,4,7,3,6,3,6,3,5,5,4,6,5,5,4,7,4,4,87
1829,4,5,5,4,5,5,6,3,4,5,4,5,4,6,3,4,3,4,79
1830,5,3,4,3,6,8,6,3,3,7,5,5,3,6,4,6,6,5,88
1831,3,6,4,4,5,5,5,3,4,6,9,7,4,6,4,5,3,5,88
1832,4,3,4,3,6,5,4,3,4,6,5,5,3,4,3,5,3,4,74
1833,5,6,4,3,5,7,4,4,5,5,4,6,4,6,5,5,3,5,86
1834,5,6,4,3,6,4,4,4,4,6,4,8,5,9,3,4,3,4,86
1835,4,4,3,4,5,4,5,4,4,6,5,5,5,5,4,4,3,6,80
1836,4,4,4,4,5,6,5,3,5,6,5,5,3,3,4,5,3,5,79
1837,4,5,6,4,6,5,4,6,4,5,6,8,3,6,5,4,5,5,91
1838,4,5,5,4,6,4,4,4,4,5,4,4,4,6,3,5,4,5,80
1839,4,3,4,4,6,4,4,3,4,8,4,4,3,5,3,5,3,6,77
1840,5,5,6,4,6,5,5,3,6,6,6,4,3,4,4,4,3,5,84
1841,7,8,4,3,7,5,6,3,5,6,6,5,6,4,3,6,4,5,93
1842,6,5,6,4,7,3,5,3,4,7,9,4,5,3,5,5,4,3,88
1843,3,5,5,3,8,6,6,4,7,7,4,8,4,5,3,5,5,5,93
1844,6,5,6,4,5,3,5,3,4,5,6,5,3,5,4,5,3,4,81
1845,4,3,5,4,8,4,5,3,4,7,5,4,3,5,3,3,4,6,80
1846,4,5,5,3,4,6,5,4,6,5,4,5,5,6,3,5,4,5,84
1847,5,3,8,7,7,4,6,3,4,7,5,5,4,4,5,5,4,6,92
1848,7,8,3,3,7,5,5,3,5,7,5,5,6,4,3,6,4,4,90
1849,3,4,6,5,5,4,6,3,6,5,5,5,4,5,4,6,4,5,85
1850,4,3,4,3,6,5,5,3,4,5,5,5,3,4,3,5,3,4,74
1851,5,4,6,3,5,4,5,3,4,5,6,4,3,5,4,4,3,5,78
1852,4,5,4,4,7,4,5,5,5,7,4,5,4,5,4,4,4,4,84
1853,4,4,4,4,7,5,6,3,5,5,7,6,4,5,3,4,3,5,84
1854,4,4,4,3,4,6,4,4,4,5,4,6,4,5,3,4,3,4,75
1855,7,5,7,4,5,4,5,4,6,6,4,5,3,5,6,4,3,6,89
1856,4,4,8,3,6,4,5,4,5,7,6,7,4,6,3,6,3,5,90
1857,6,4,3,4,5,4,4,4,4,6,4,5,4,4,5,4,3,4,77
1858,3,4,6,3,6,4,5,3,5,7,5,5,3,4,4,5,4,4,80
1859,4,4,4,4,5,3,4,3,4,5,5,5,3,4,3,4,3,3,70
1860,7,6,4,4,5,6,4,4,6,6,6,6,3,5,5,4,3,4,88
1861,3,3,6,3,5,6,4,5,5,8,4,5,4,5,3,4,3,5,81
1862,4,5,4,4,8,5,4,3,7,4,4,6,4,4,3,5,3,5,82
1863,5,4,5,6,6,6,6,3,5,6,8,5,4,7,4,5,4,5,94
1864,3,4,4,3,5,4,5,3,4,5,4,4,4,4,3,4,4,4,71
1865,4,3,5,4,5,3,4,3,4,5,5,4,3,3,4,5,4,5,73
1866,5,4,6,3,3,4,5,3,5,6,6,5,3,4,3,5,5,6,81
1867,4,7,5,3,7,5,5,4,5,8,8,5,5,5,5,8,3,5,97
1868,4,5,4,3,5,5,5,3,4,7,6,7,4,4,4,4,3,6,83
1869,4,3,4,4,6,4,6,4,4,6,4,3,3,4,3,3,4,6,75
1870,4,4,3,4,6,3,4,3,4,6,3,5,3,4,4,4,4,4,72
1871,4,4,7,4,7,4,4,3,3,6,4,4,3,4,4,4,3,4,76
1872,5,4,4,4,6,7,4,3,5,5,4,5,4,4,4,4,3,6,81
1873,3,4,6,3,5,4,4,4,4,5,4,5,4,4,3,4,3,4,73
1874,4,3,7,4,6,4,6,3,4,5,5,4,3,4,4,4,4,5,79
1875,3,5,5,4,6,6,4,5,5,7,5,5,3,6,3,3,3,5,83
1876,6,4,4,3,6,6,5,3,5,6,4,6,4,6,5,5,4,8,90
1877,4,4,8,4,7,4,5,3,5,6,3,6,5,3,4,4,3,5,83
1878,4,5,4,4,6,4,6,4,4,6,7,5,4,5,4,6,4,6,88
1879,5,8,4,4,7,6,3,3,4,7,4,5,4,5,4,5,3,4,85
1880,8,8,5,4,6,5,5,4,4,6,4,6,4,5,4,4,3,5,90
1881,4,5,5,3,4,6,5,4,6,5,4,5,5,6,3,5,4,5,84
1882,6,7,5,7,6,6,6,4,6,6,4,7,4,5,5,5,3,5,97
1883,4,3,4,4,5,4,4,4,4,5,5,5,3,4,4,5,4,6,77
1884,5,5,7,3,7,5,5,4,5,6,6,4,3,6,5,6,3,5,90
1885,3,4,6,4,6,5,4,6,4,6,6,8,3,6,4,4,5,7,91
1886,5,6,4,4,5,5,7,4,5,7,6,5,3,6,4,4,5,6,91
1887,4,4,4,4,4,5,4,3,4,7,4,4,3,4,3,4,3,5,73
1888,4,4,4,7,5,6,4,6,4,4,5,6,5,4,5,5,3,4,85
1889,3,3,3,5,6,4,4,4,4,6,5,4,4,4,3,4,4,5,75
1890,4,4,3,3,8,4,3,5,4,7,4,5,3,4,3,5,3,3,75
1891,5,6,7,5,7,5,6,3,5,6,4,5,9,6,4,6,3,8,100
1892,4,5,4,4,7,5,4,4,5,7,5,6,5,3,3,5,3,6,85
1893,3,3,4,3,7,5,5,3,4,7,4,5,3,5,3,4,3,6,77
1894,5,3,4,3,5,4,4,3,4,7,5,5,3,5,4,6,3,5,78
1895,6,4,4,4,6,5,4,3,4,6,4,7,4,6,4,5,4,5,85
1896,4,5,5,4,6,4,6,3,4,5,5,4,3,4,4,5,4,6,81
1897,4,4,5,4,4,5,5,3,5,5,4,6,4,5,3,4,3,4,77
1898,6,6,5,4,7,5,5,5,4,6,5,5,3,6,4,5,3,9,93
1899,3,5,3,4,5,5,6,3,6,7,3,3,3,5,3,4,3,5,76
1900,5,4,5,3,5,5,4,3,4,7,3,4,3,5,3,4,4,5,76
1901,4,5,6,3,6,6,7,5,4,6,5,6,5,5,5,4,5,6,93
1902,4,7,6,4,5,4,5,3,4,6,3,6,3,5,4,5,3,4,81
1903,3,5,3,3,5,5,6,4,3,5,4,4,4,5,4,4,3,5,75
1904,3,4,5,5,5,5,5,4,6,6,5,6,4,6,3,6,4,6,88
1905,4,6,6,4,7,5,5,3,4,5,7,5,4,5,4,4,4,5,87
1906,4,6,5,3,7,5,3,4,6,7,6,6,3,6,3,6,3,6,89
1907,5,7,6,5,6,5,6,3,6,4,6,6,3,7,6,5,7,4,97
1908,9,4,4,3,8,6,5,4,7,8,4,8,3,5,3,5,5,5,96
1909,6,4,6,3,6,6,6,3,3,7,5,4,3,5,4,6,5,4,86
1910,5,4,3,5,6,4,5,3,5,5,5,5,5,3,3,5,3,4,78
1911,4,5,7,4,6,5,4,4,4,7,6,6,4,5,3,5,4,5,88
1912,4,4,5,4,7,5,3,4,3,7,4,5,4,5,4,4,3,4,79
1913,5,6,8,4,6,4,5,3,5,5,5,4,3,5,5,4,4,5,86
1914,4,5,3,4,8,5,3,3,7,4,4,6,4,4,3,5,3,4,79
1915,5,4,3,5,7,4,5,5,5,5,5,5,4,5,4,4,4,6,85
1916,4,4,4,4,5,6,4,4,4,5,6,5,4,4,4,7,3,5,82
1917,7,4,8,5,9,5,4,4,4,7,6,4,3,3,3,4,6,6,92
1918,5,5,5,3,7,4,4,4,6,7,6,6,5,5,3,4,6,6,91
1919,5,3,5,3,6,6,6,3,3,7,5,4,3,5,4,6,6,4,84
1920,4,4,4,4,9,5,8,3,5,5,3,4,4,4,4,5,3,5,83
1921,3,4,3,4,6,6,4,4,5,7,5,4,3,4,3,4,3,6,78
1922,5,5,5,4,6,6,3,5,4,7,7,5,3,5,3,5,4,3,85
1923,4,3,6,3,5,6,3,5,5,8,4,5,4,5,3,4,3,4,80
1924,6,5,4,5,6,5,5,4,5,5,5,6,6,4,3,5,3,5,87
1925,3,3,3,4,7,5,6,3,5,5,6,6,4,5,3,4,3,5,80
1926,3,3,4,3,9,4,6,3,4,6,6,5,3,5,4,4,3,6,81
1927,4,5,3,3,6,6,6,4,5,7,4,4,4,5,4,5,3,7,85
1928,4,4,5,4,4,5,5,3,4,6,4,4,3,4,3,4,3,7,76
1929,6,5,7,4,6,5,7,3,4,6,5,5,3,6,5,4,3,5,89
1930,3,3,5,3,5,7,5,3,5,7,4,4,3,4,3,5,3,4,76
1931,6,5,7,4,6,5,7,3,4,6,6,5,3,6,5,4,3,5,90
1932,8,8,5,4,6,5,5,4,4,6,4,6,4,5,4,4,3,5,90
1933,5,3,3,4,7,5,4,5,4,7,4,5,3,6,3,6,5,5,84
1934,4,4,5,5,8,3,4,3,5,6,4,3,4,3,4,7,3,5,80
1935,3,3,5,4,6,5,5,3,4,6,5,5,3,5,3,4,4,6,79
1936,5,4,4,4,6,7,4,3,5,5,4,5,4,4,4,4,3,6,81
1937,5,4,4,3,8,4,5,3,5,6,5,5,4,6,4,5,3,4,83
1938,4,5,4,4,5,4,6,5,5,5,4,5,4,5,4,5,4,5,83
1939,7,8,4,3,7,5,6,3,5,6,5,5,6,4,3,6,4,5,92
1940,4,5,4,6,7,4,5,4,5,4,8,5,3,5,3,7,3,6,88
1941,4,4,4,3,5,4,5,3,4,5,5,6,3,4,4,4,4,5,76
1942,5,5,5,4,7,5,6,4,5,7,6,5,3,5,3,6,3,5,89
1943,4,3,3,4,7,6,4,5,7,7,4,7,3,5,3,4,5,7,88
1944,5,5,6,3,7,3,4,3,4,6,6,3,3,4,3,5,4,5,79
1945,4,7,4,3,8,5,4,4,5,6,5,6,4,6,3,7,3,5,89
1946,4,5,5,3,6,3,5,3,4,6,4,7,4,8,3,4,3,5,82
1947,4,6,6,3,7,4,5,3,7,6,5,3,3,4,5,4,3,4,82
1948,7,5,5,4,7,6,5,3,6,7,6,5,5,6,4,8,4,6,99
1949,3,3,6,3,5,6,3,5,5,9,4,5,3,5,3,4,3,5,80
1950,6,4,4,4,6,4,4,3,4,6,4,6,3,5,4,5,4,4,80
1951,4,4,3,4,6,3,5,3,4,4,4,4,3,4,3,5,3,4,70
1952,4,4,5,3,6,4,3,3,4,5,4,5,4,5,3,5,3,5,75
1953,4,5,6,3,6,4,5,3,4,6,7,4,3,5,4,5,3,4,81
1954,5,4,4,6,5,6,6,4,4,5,4,6,3,6,4,7,4,6,89
1955,4,4,4,4,7,5,5,4,4,6,6,6,3,5,3,4,3,5,82
1956,4,6,5,4,8,4,6,3,7,6,4,5,3,5,5,4,3,6,88
1957,4,4,5,4,6,4,4,3,5,5,4,5,3,3,3,4,3,3,72
1958,5,6,6,5,7,5,4,3,5,6,4,5,9,6,4,6,3,6,95
1959,5,4,4,3,6,5,6,4,4,5,3,5,4,4,4,4,3,5,78
1960,4,4,3,4,7,5,4,4,4,7,6,6,3,5,3,4,3,4,80
1961,4,6,6,5,6,4,5,3,5,5,4,5,3,4,4,8,5,5,87
1962,4,5,3,4,5,4,4,3,4,6,4,5,3,4,3,5,3,4,73
1963,4,3,4,5,6,5,5,4,5,5,6,5,4,8,3,6,3,6,87
1964,4,5,5,5,5,5,5,4,6,6,5,6,5,6,4,6,4,4,90
1965,7,6,3,4,6,4,3,4,4,6,5,6,4,7,3,4,3,4,83
1966,4,5,4,4,7,5,5,3,4,5,4,5,3,4,4,5,4,6,81
1967,4,4,6,3,5,3,6,3,3,5,6,4,3,3,4,5,3,4,74
1968,4,5,6,3,6,5,4,4,5,6,6,6,4,5,4,4,4,9,90
1969,4,6,4,3,6,4,6,3,5,6,4,4,3,4,4,5,3,3,77
1970,4,4,3,5,4,4,3,4,4,6,4,5,4,5,5,4,3,5,76
1971,4,4,3,3,9,6,4,3,5,6,6,7,3,5,3,5,3,5,84
1972,4,4,7,3,6,5,4,5,4,5,6,6,3,5,4,6,4,5,86
1973,3,5,4,5,7,6,5,4,4,6,4,5,4,5,3,5,5,6,86
1974,4,6,5,5,6,5,6,3,6,4,5,6,3,7,6,5,8,4,94
1975,3,4,4,3,5,6,3,3,5,8,6,6,4,4,4,5,4,5,82
1976,5,5,6,3,7,3,4,3,6,7,6,5,4,4,3,4,6,5,86
1977,4,3,5,4,6,5,5,3,4,6,5,5,3,5,4,4,4,4,79
1978,4,4,6,4,6,3,5,3,4,5,4,4,3,3,4,6,4,4,76
1979,5,5,3,3,9,6,4,3,5,5,6,7,4,5,4,5,3,4,86
1980,5,5,5,3,7,4,4,4,4,6,4,5,6,5,4,4,3,7,85
1981,5,6,5,4,5,4,6,5,5,5,4,5,4,5,4,5,4,5,86
1982,5,6,5,3,5,4,4,3,4,4,5,5,3,5,4,4,3,7,79
1983,4,5,4,3,6,5,7,3,4,7,4,5,4,5,5,5,4,4,84
1984,6,5,3,4,6,4,3,4,4,7,5,6,3,7,3,4,3,6,83
1985,4,4,3,4,9,5,7,3,5,6,3,4,4,4,4,5,3,4,81
1986,5,4,5,3,5,5,5,4,4,5,6,5,4,6,4,4,3,6,83
1987,4,5,4,4,5,4,5,3,4,6,4,4,3,4,3,4,3,4,73
1988,3,3,4,4,7,5,3,3,4,6,6,5,3,5,4,4,3,4,76
1989,3,3,4,7,5,6,4,6,4,4,5,6,4,4,4,5,3,5,82
1990,5,6,5,4,7,5,4,4,5,7,6,6,5,3,3,5,3,6,89
1991,6,7,4,7,6,6,5,4,6,7,4,7,4,5,5,5,3,4,95
1992,3,5,4,4,5,5,6,3,4,5,6,5,4,5,3,4,3,4,78
1993,5,6,4,4,6,5,4,4,5,8,5,4,4,8,4,6,4,4,90
1994,3,5,3,3,5,4,6,3,3,5,4,3,3,4,4,4,4,5,71
1995,4,6,4,3,6,5,6,3,5,6,4,5,3,5,4,5,3,4,81
1996,4,4,3,4,6,5,6,3,4,7,5,6,4,4,5,5,4,4,83
1997,5,4,5,6,6,6,6,3,5,6,7,5,4,7,4,5,4,5,93
1998,5,4,4,4,5,4,4,3,4,5,5,4,3,3,3,3,3,4,70
1999,5,4,4,6,6,6,4,3,5,6,7,5,4,7,4,5,4,4,89
2000,5,4,6,4,5,3,4,3,4,5,5,4,3,3,4,5,4,5,76
